STOCK,CURR_PRICE,OPEN,HIGH,LOW,PREV_CLOSE
20MICRONS,38.1,39,40.5,38.05,38.7
21STCENMGM,12.25,12.3,12.3,11.95,12.15
3IINFOTECH,7.95,7.7,7.95,7.35,7.6
3MINDIA,25470,25499,25768.6,25104.75,25494.35
3PLAND,10.15,10.5,10.8,9.8,9.95
5PAISA,353.95,364.5,366.55,352,365.1
63MOONS,84.5,88,89.8,84.5,88.3
A2ZINFRA,3.75,3.75,3.8,3.65,3.75
AAKASH,143,145.3,146.2,143,144.3
AARON,51.35,53.75,53.75,51.35,51.7
AARTIDRUGS,709.6,714,722,705.6,718.75
AARTIIND,1601.5,1530.5,1644.75,1530.5,1556.95
AARTISURF,1472,1457.3,1500,1441.1,1457.3
AARVEEDEN,20.45,19.8,20.85,19.8,20.8
AARVI,48.1,48.15,48.8,47.5,48.4
AAVAS,2280,2292.55,2299.4,2205,2292.55
ABAN,31.3,29.6,31.3,29.4,29.85
ABB,1390,1375,1399.4,1360,1381.3
ABBOTINDIA,15150,15000,15294.95,14850,14997.25
ABCAPITAL,114.65,114.8,116.45,113.35,115.9
ABFRL,174.85,176,178.5,174.3,177.75
ABMINTLTD,47.8,47.95,48,45,47.1
ACC,1879,1869,1903.45,1855.05,1877.05
ACCELYA,916.2,949.95,968.75,913.05,956.5
ACCURACY,60,59.95,60.45,58.2,60.35
ACE,145.75,146.9,149.95,144.7,148.3
ACRYSIL,324,327,331.95,320,327.2
ADANIENT,1146,1171,1200.95,1143,1182.3
ADANIGREEN,1023.95,1040.9,1048.6,1011,1055.75
ADANIPORTS,726.4,739,759.45,724.5,746.75
ADANIPOWER,94.7,95.1,98.3,94.45,97
ADANITRANS,1046.75,1048,1060,1035.2,1050.15
ADFFOODS,949,962.05,973.7,935,962.05
ADHUNIKIND,24.05,23.25,25.2,23.25,23.85
ADL,28.25,28,28.5,27.6,29.05
ADORWELD,382.95,365,390,358.45,363.25
ADROITINFO,9.3,9.3,9.3,8.6,8.9
ADSL,47.5,46.5,48.2,46.45,46.8
ADVANIHOTR,56,52,56.5,52,54.2
ADVENZYMES,401.15,396.75,407.45,392.6,405.15
AEGISCHEM,304.6,311,317.95,302.5,308.55
AFFLE,5533,5540,5555.15,5477,5547.85
AGARIND,152.95,154.7,155.05,151.15,155.1
AGCNET,1584.95,1635,1635,1576.25,1626.1
AGRITECH,38.9,37.95,38.9,37.95,37.05
AGROPHOS,11.55,11.55,11.9,11.2,11.55
AHLADA,98,102.4,102.4,97,97.5
AHLEAST,146.95,146.6,147.3,143,147.15
AHLUCONT,284.95,284.25,286.75,282.45,285.4
AHLWEST,204.15,209.1,210.8,202,213.1
AIAENG,1870,1878.8,1890.9,1856.15,1880.15
AIRAN,16.45,15.9,16.5,15.9,16.3
AJANTPHARM,1833,1899.85,1930,1825.3,1891.7
AJMERA,111.5,111,114.95,109.15,112.9
AKASH,185,195,195,185,190.9
AKG,30.9,30.9,30.9,30.9,29.45
AKSHARCHEM,259,246.15,268.7,244.1,247.95
AKSHOPTFBR,6,5.9,6.2,5.8,5.9
AKZOINDIA,2254.9,2211,2273.3,2200,2224.95
ALANKIT,14.3,14.15,14.3,13.3,14.15
ALBERTDAVD,437.25,437,443.5,435,442.8
ALEMBICLTD,110,105.6,111.2,105,106.95
ALICON,465,475,482,456.5,473.95
ALKALI,55.2,56.95,57.5,54.6,57.05
ALKEM,2756,2761.7,2788,2712.3,2761.7
ALKYLAMINE,8465,8145,8644,7911.2,8156.85
ALLCARGO,124.6,123.7,126.85,123.45,123.7
ALLSEC,340,340,348,336,336.55
ALMONDZ,29.6,27.05,29.6,27.05,28.3
ALOKINDS,19.3,19.3,19.6,19,19.4
ALPA,54.9,54.9,54.9,54.9,57.75
ALPHAGEO,218.8,210.85,232,207.95,209.95
ALPSINDUS,1.55,1.6,1.6,1.5,1.55
AMARAJABAT,808.75,801.8,814.9,795.6,802.2
AMBER,3105.15,3141,3189.1,3083,3167.6
AMBICAAGAR,17.45,17.4,17.45,17.4,16.65
AMBIKCO,901,910,915.1,895,909.95
AMBUJACEM,308.2,314,319.85,306.75,314.05
AMDIND,18.25,18.2,18.45,17.7,18.2
AMJLAND,25,23.8,25.9,23.05,23.55
AMRUTANJAN,637,629,639,625.3,630.5
ANANTRAJ,52.95,49.8,52.95,48.75,50.45
ANDHRACEMT,5.4,5.4,5.4,5.25,5.35
ANDHRAPAP,214.8,214,215.6,210,213
ANDHRSUGAR,385,373,404,369.4,374.6
ANGELBRKG,370.55,358.9,376,354.25,359.2
ANIKINDS,14.6,14.15,14.6,13.8,14
ANKITMETAL,0.95,1,1,0.95,1
ANSALAPI,5.95,5.85,6.15,5.85,6
ANSALHSG,5.15,5.3,5.3,4.65,5.15
ANUP,577,575.05,599,573.35,586.15
ANURAS,624.5,624,639.95,618.35,632.2
APARINDS,492.9,495.95,509.9,486.1,497.3
APCL,211.1,208.45,214,208.45,209.45
APCOTEXIND,232.5,225,235.8,223.15,224.6
APEX,213.2,209.8,216.95,209.6,213.35
APLAPOLLO,1296,1315,1324.85,1296,1330.15
APLLTD,988,982.15,994.9,975,982.1
APOLLO,102.5,106.55,108.9,102.2,110.45
APOLLOHOSP,3204,3256,3310,3182.8,3238.9
APOLLOPIPE,1161.1,1140,1185,1130.35,1160.5
APOLLOTYRE,216.5,207.45,223.6,203,208.05
APOLSINHOT,556,570.15,570.15,550,555.65
APTECHT,203.7,210,212,203.2,203.2
ARCHIDPLY,33.4,30.75,33.4,30.75,31.85
ARCHIES,11.15,11.25,11.25,10.8,11
ARENTERP,11.6,11.55,12.1,11.55,11.55
ARIES,91.4,90,91.5,89,91.2
ARIHANT,17.85,17.9,18.5,17.85,18.5
ARIHANTSUP,62,60.45,62.8,57.5,60.45
ARMANFIN,550,577.7,582.75,543.3,574.25
AROGRANITE,44.9,45.95,45.95,44,44.2
ARROWGREEN,73.25,72.15,76,72,75.7
ARSHIYA,31.5,32.25,32.25,31.35,31.35
ARSSINFRA,25.8,24.45,25.8,24.4,24.55
ARTEMISMED,191.9,194.85,194.9,190,190.1
ARVEE,139.4,139.4,139.4,139,132.8
ARVIND,65.65,67.7,67.7,65.6,67.45
ARVINDFASN,130.85,129.1,131.05,127.65,131.3
ARVSMART,95.5,96.15,99.8,95.35,97.15
ASAHIINDIA,294.25,298.1,298.5,292,300.8
ASAHISONG,340,355,355,335.5,346.75
ASAL,31.9,32.8,32.8,31.45,32.6
ASALCBR,410.55,424.4,424.4,410,419.1
ASHAPURMIN,155,157,171.9,152.35,158.7
ASHIANA,123.75,123.95,124.45,120.05,123.95
ASHIMASYN,15.45,15.6,16.05,15.1,15.85
ASHOKA,82.4,82.85,85.9,82,83.4
ASHOKLEY,112.45,113.75,115.75,112.1,115.1
ASIANHOTNR,66,64.2,67.5,62.8,65.4
ASIANPAINT,2529,2595,2605.8,2524.05,2613.45
ASIANTILES,155.5,156.35,158.3,155.1,158.5
ASPINWALL,173,184.6,184.95,171.8,176.5
ASTEC,1157,1165,1189.3,1150,1165.55
ASTERDM,143.9,145,146.15,142.35,145.4
ASTRAL,1586,1640,1640,1566.75,1631.95
ASTRAMICRO,116,114.8,118.7,114.25,115.85
ASTRAZEN,3910,3836,3997.95,3803,3878.1
ASTRON,40,40.7,40.7,39.2,40.7
ATFL,842.7,841.3,858.5,812.75,879.35
ATGL,1149.9,1139.95,1159.6,1129,1147.7
ATLANTA,7.3,7.3,8,7.1,7.3
ATUL,8069.25,8399.8,8498.45,8010,8375.05
ATULAUTO,182.5,172,194.8,169.8,172.75
AUBANK,1003,1072,1084,995.05,1124.5
AURIONPRO,170,166.85,177.95,165.35,168.55
AUROPHARMA,978.95,964,989,964,967.2
AUSOMENT,62,63.9,63.9,61.3,62.55
AUTOAXLES,992,975,998,970,984.1
AUTOIND,35.75,35.25,35.95,34.6,35.25
AVADHSUGAR,283.2,259.8,298.7,256.45,264.9
AVANTIFEED,485,494.9,500.6,482,502.5
AVTNPL,47.65,47.7,49.1,47.05,48.6
AWHCL,297.95,296,302.3,294,299.9
AXISBANK,711.65,705,729.85,705,719.4
AXISCADES,60,60.7,64,59.2,60.8
AYMSYNTEX,47.35,45.85,47.9,45.6,45.9
BAFNAPH,132,128.55,132,127,132.25
BAGFILMS,2.6,2.7,2.7,2.6,2.6
BAJAJ-AUTO,3827,3805,3966.35,3800,3836.45
BAJAJCON,280.6,280.7,285.6,278,280.4
BAJAJELEC,1148,1150,1173.15,1118.8,1150.6
BAJAJFINSV,11021,11000,11225,10868.7,11176.55
BAJAJHIND,7.25,6.9,7.65,6.8,7
BAJAJHLDNG,3420,3600,3649,3410,3510.8
BAJFINANCE,5449,5350,5524.65,5327.7,5484.85
BALAJITELE,57,57,58.95,56.05,56.6
BALAMINES,2598,2525,2664.8,2462.85,2536
BALAXI,588.95,564.5,589.25,564.5,561.75
BALKRISHNA,19.9,20.7,20.7,18.8,19.75
BALKRISIND,1760.15,1760,1807.4,1737.75,1766.85
BALLARPUR,1.15,1.15,1.15,1.1,1.15
BALMLAWRIE,128.25,124.65,132,124.1,125.7
BALPHARMA,106.1,116,119.8,105.3,114.3
BALRAMCHIN,276.6,270,285.95,268.55,274.35
BANARBEADS,49.05,49.85,50.25,48.6,48.95
BANARISUG,1730,1667.4,1885.8,1647.35,1667.45
BANCOINDIA,154.55,155,167.5,154,153.2
BANDHANBNK,328,327,339.95,324.7,332.1
BANG,27.7,28.2,28.25,26.85,27.45
BANKA,63.35,62.3,63.85,62,62
BANKBARODA,66.45,65.4,68.4,65.05,66.85
BANKINDIA,66.25,67,67.8,65,67.5
BANSWRAS,103.25,98.5,115,98.5,97.15
BARBEQUE,620.5,626.05,638.8,620,630.9
BARTRONICS,2.2,2.3,2.3,2.2,2.2
BASF,2208.95,2058,2270,2058,2073.95
BASML,61.15,63,63.35,60.65,63.65
BATAINDIA,1362.05,1335,1382.45,1335,1350.5
BAYERCROP,5390,5230,5397,5176.05,5275.2
BBL,1160,1167,1209,1152.8,1161.15
BBTC,1162.95,1170,1187.95,1150,1179.35
BCG,7.65,7.75,7.85,7.6,7.75
BCLIND,121,120.5,125.9,118.65,120.3
BCP,3.15,3.3,3.3,3.15,3.3
BDL,336.55,336.45,339.5,335.65,341.45
BEARDSELL,10.1,10.5,10.7,9.55,10.25
BECTORFOOD,355.95,356.95,362,354.05,358.65
BEDMUTHA,26.15,25.15,27,24.5,25.45
BEL,131.8,128.15,136.45,127.8,129.85
BEML,1162,1151,1208,1148,1164.5
BEPL,159,161.75,165.8,158.2,163.4
BERGEPAINT,704.05,710,716.8,700.45,714.7
BESTAGRO,413.4,426,426,405,432.5
BFINVEST,297,306.8,319.2,296.1,310.85
BFUTILITIE,279.9,282.9,296.5,275.4,286.95
BGRENERGY,46,45.75,48,44.8,45.8
BHAGERIA,161.55,162.1,166.7,160.75,165.75
BHAGYANGR,49.45,49.9,49.9,47.3,47.9
BHAGYAPROP,26.3,27.25,27.25,26.1,27.65
BHANDARI,2.4,2.45,2.45,2.4,2.4
BHARATFORG,610.45,602.75,621,595.25,604.7
BHARATGEAR,78.4,78.15,80.15,77.8,79.25
BHARATRAS,12120,11400,12499,11400,11809.15
BHARATWIRE,46.8,44.8,47.25,44,45
BHARTIARTL,535.5,533.5,547,533.5,540.85
BHEL,48.1,46.8,49.4,46.2,47.2
BIGBLOC,83,86.7,86.7,81.25,83
BIL,197.6,192,199,182.55,192.15
BINDALAGRO,16.8,17.25,17.25,16.5,16.95
BIOCON,379.4,391.8,391.8,378.2,393.9
BIOFILCHEM,74.1,74.1,77,74.1,77.95
BIRLACABLE,58.5,59.4,59.4,58.2,58.6
BIRLACORPN,924,919,929.8,915.5,918.8
BIRLAMONEY,40,40.2,40.55,39.95,40.25
BIRLATYRE,24.65,24.25,25.6,23.8,24.25
BKMINDST,0.95,0.9,0.95,0.9,0.9
BLBLIMITED,6,6.2,6.2,6,6.1
BLISSGVS,101.7,101.2,105,100.2,101.4
BLKASHYAP,15.8,16,16.5,15.5,16.1
BLS,90.6,90,92.5,90,90.55
BLUEDART,5265,5279,5424.95,5221.9,5321.9
BLUESTARCO,845.95,866.5,866.5,840,866.95
BODALCHEM,96.45,96.9,101.7,96.05,97.35
BOMDYEING,66,66.6,68.15,66,67.2
BOROLTD,196.25,193.1,204,192.35,193.8
BORORENEW,233.45,235.8,237.45,230.15,236.7
BOSCHLTD,13520,13475,13630,13460.05,13571.5
BPCL,422.1,417.5,437.5,414.65,419.55
BPL,34.2,34.55,37.8,34.2,36
BRFL,7.15,6.9,7.3,6.7,6.95
BRIGADE,251.3,254.7,257.2,250,253.4
BRITANNIA,3444.8,3460,3468.35,3437,3468.9
BRNL,27.9,28.6,28.6,27.2,28.25
BROOKS,85.05,78.65,85.05,78.65,81
BSE,600,602,613.5,594.95,605.4
BSELINFRA,0.9,0.95,0.95,0.9,0.9
BSHSL,133,137.95,137.95,132.45,135.05
BSL,36.8,37.95,37.95,36.05,37.75
BSOFT,245.75,245,249.7,244,245.85
BURGERKING,130,129.9,132.1,129.6,131.2
BURNPUR,2.5,2.5,2.5,2.4,2.4
BUTTERFLY,655.2,669,683,652,671.25
BVCL,18,17,18.15,17,17.6
BYKE,18.25,18.4,18.7,18.1,18.7
CADILAHC,570.9,559.8,578.85,558.1,561.5
CALSOFT,8.7,8.35,8.85,8.35,8.6
CAMLINFINE,154.3,154.1,159,153,157.05
CAMS,2335,2362,2362,2113.95,2368.05
CANBK,138.3,137.4,143.9,136.5,139.5
CANDC,4.25,4.5,4.5,4.25,4.35
CANFINHOME,584.95,571.1,589.2,570.6,580.3
CANTABIL,369.6,370.55,371.95,369.6,371.55
CAPACITE,189,189.35,194.95,188.1,188.4
CAPLIPOINT,493.5,495,504,491.1,499.75
CAPTRUST,84.95,88.75,88.75,83.7,87.8
CARBORUNIV,545.8,523,570,509.45,523.8
CAREERP,119.35,119.45,120.5,118.7,119.2
CARERATING,497.45,497.7,509,490,497.2
CASTEXTECH,0.65,0.65,0.7,0.6,0.65
CASTROLIND,125.25,126,126.3,125,126.6
CCHHL,4.6,4.7,4.95,4.1,4.8
CCL,269.75,259.8,272.3,258.55,260.8
CDSL,810,803,827,802,803.45
CEATLTD,1380,1360,1417.7,1346.4,1364.75
CEBBCO,16.65,16.8,16.85,16.25,16.6
CELEBRITY,5.3,5.4,5.45,5.2,5.4
CENTENKA,252,254.95,258.95,248.1,255.4
CENTEXT,5.1,5.3,5.3,5,5.05
CENTRALBK,16.3,16.15,16.45,16.15,16.35
CENTRUM,30.1,28,32,27.05,28.2
CENTUM,393,380.6,415.4,380.6,399.75
CENTURYPLY,350,336,362,331,336.65
CENTURYTEX,490.15,485,498,473.8,491.6
CERA,3867,3829.95,3905.55,3811.1,3831.95
CEREBRAINT,50.35,49,50.85,48.5,49.3
CESC,606.65,615,622.3,604.15,623.15
CGCL,452,426,455,425,419.45
CGPOWER,69.5,71,71,68.85,70.2
CHALET,142.2,141.05,145.8,139.8,141.8
CHAMBLFERT,214.75,218.9,221.7,214.6,219.45
CHEMBOND,209,204,213.55,203.85,207.35
CHEMCON,426,425,435.5,425,436
CHEMFAB,156,155.7,163.4,151,157.75
CHENNPETRO,110,112.45,114.45,109.7,112.9
CHOLAFIN,570.5,589.75,600.95,564.95,592.5
CHOLAHLDNG,569.9,568,574,564.55,568.9
CIGNITITEC,396.05,407,409,391.3,418.3
CINELINE,31.55,31.85,32.25,31.55,32.3
CINEVISTA,11.95,11.95,11.95,11.95,12.55
CIPLA,910,900.75,921,900.75,906.5
CLEDUCATE,89.25,85.45,89.25,84.1,85
CLNINDIA,436.5,437.5,445.4,431.25,437.5
CMICABLES,42.65,44.4,44.85,42.65,43.85
COALINDIA,133,127.4,134.6,127,128.05
COCHINSHIP,364.85,356.5,371.2,355,359.2
COFFEEDAY,37.65,37.65,41.55,37.65,39.6
COFORGE,2867,2843.8,2919.75,2820.6,2844.7
COLPAL,1478.35,1481,1493,1468,1485.8
COMPINFO,17.35,17.5,18,17.3,17.85
COMPUSOFT,8.9,9.05,9.05,8.65,8.95
CONCOR,589.4,557.85,605,551.3,557.3
CONFIPET,61.85,55.8,63.5,55,53.75
CONSOFINVT,57.4,56,59.15,55.65,57.05
CONTROLPR,304.75,296.7,315,281.2,298.45
CORALFINAC,24.8,24.9,25.85,24.2,25.45
CORDSCABLE,40.7,40.85,41.45,40,41.05
COROMANDEL,741,719.15,745,711,733.65
COSMOFILMS,657.6,655.05,677.95,650.2,659.95
COUNCODOS,2.05,2,2.15,2,2.1
COX&KINGS,1.1,1.15,1.15,1.05,1.1
CRAFTSMAN,1341,1350,1367.15,1336.55,1358.15
CREATIVE,99.5,101.6,101.9,99.05,100
CREATIVEYE,2.8,2.8,2.8,2.8,2.8
CREDITACC,597.2,600.3,607.55,592.6,605.85
CREST,79.25,80,80,76.1,78.35
CRISIL,1856.1,1824,1875.5,1824,1847.9
CROMPTON,385,378.5,386,373.3,380.1
CSBBANK,258.2,259.95,268,255,261.05
CTE,32.8,31.4,32.9,30.15,31.35
CUB,165.8,167.4,169.35,165.5,168.65
CUBEXTUB,28.5,28.95,29.35,28,28.95
CUMMINSIND,836.55,861.1,861.35,833.45,858
CUPID,218.75,219,224,216.5,221.2
CYBERMEDIA,11.55,11.95,11.95,11.15,11.7
CYBERTECH,127.25,126.85,130.35,126.1,128.95
CYIENT,736,739,751.5,730,734.9
DAAWAT,72.5,73.2,74.5,72.2,73.7
DABUR,539.5,539.8,545.25,535.7,541.9
DALALSTCOM,0.95,0.95,1,0.9,0.95
DALBHARAT,1507,1544.95,1564,1480.8,1537.5
DALMIASUG,254.85,238.95,260,235.25,241.7
DAMODARIND,22.95,23.2,23.3,22.6,23.15
DANGEE,168.2,164.15,175,162.3,164.2
DATAMATICS,116.8,114.4,120.8,113.5,114.1
DBCORP,81.15,81.05,82.8,81.05,82.25
DBL,542.7,544,554,538.45,546.55
DBREALTY,20.2,20.2,20.2,20.2,19.25
DBSTOCKBRO,8.2,8.45,8.5,8.2,8.4
DCAL,158.2,157.5,162.75,155.5,158.95
DCBBANK,90.9,89,93.4,89,91.5
DCM,25.5,25.85,25.85,23.25,24.35
DCMFINSERV,1.9,1.9,1.9,1.8,1.85
DCMNVL,81.5,82.75,84.5,80.15,82
DCMSHRIRAM,702,700,760,691.1,703.7
DCW,38.5,37.85,40.45,37.5,38.5
DECCANCE,419,419.45,426,415.5,422.6
DEEPAKFERT,259.6,261.7,272.8,258.55,263.65
DEEPAKNTR,1868,1787,1900,1767.9,1787.25
DEEPENR,37.2,38.1,38.1,36.6,37.1
DEEPINDS,41.15,41.15,41.15,41.15,39.2
DELTACORP,149.95,152.9,152.9,149.3,153.7
DELTAMAGNT,28.55,30.85,30.95,28.55,29.7
DEN,44.45,45.15,45.5,44.2,45.4
DENORA,248.5,251.55,251.8,247,248.55
DFMFOODS,339.75,340,344,337.75,341.3
DGCONTENT,7.7,7.85,7.85,7.5,7.65
DHAMPURSUG,226.7,215.3,237.2,214.3,219.6
DHANBANK,13.9,14.1,14.1,13.8,14.05
DHANI,178.25,174.75,183.5,173.05,179.55
DHANUKA,766.05,761,786.5,750.05,756.75
DHARSUGAR,6.8,6.5,6.9,6.45,6.6
DHFL,15.45,15.7,15.9,15.2,15.7
DHUNINV,290,296.35,298,290,299.7
DIAMONDYD,543.55,544.05,550,539.9,543.9
DICIND,391,395,395,385.05,385.85
DIGISPICE,31.45,33.8,34.2,31.05,32.6
DISHTV,9.3,9.3,9.4,9.2,9.3
DIVISLAB,4052.1,3910,4135,3909.6,3910.85
DIXON,4184,4175,4248,4150,4235.35
DLF,246.2,245.2,254.5,243.15,249.3
DLINKINDIA,100.15,99.4,101.45,98.6,100.15
DMART,2840,2889.8,2931.9,2818.9,2906.35
DNAMEDIA,1,1,1,0.95,0.95
DOLAT,63.75,64.4,65.8,63.5,64.4
DOLLAR,239.7,235.1,242.95,235,240.6
DONEAR,28.75,28.35,29.3,28.05,28.35
DPABHUSHAN,113.95,115.8,116.95,112.05,115.1
DPSCLTD,12.15,12.45,12.55,12.15,12.2
DPWIRES,129.65,126,141.5,125.9,122.4
DRCSYSTEMS,262.6,262.6,262.6,262.6,276.4
DREDGECORP,364,350,384,350,353.75
DRREDDY,5169,5140,5211,5125.15,5102.3
DSSL,78.6,79.95,83.8,78.15,79.4
DTIL,271.95,272,278.95,260.05,267.15
DUCON,7.3,7.1,7.5,7,7.15
DVL,98,101.8,101.8,97.5,99.5
DWARKESH,41.8,39.3,43.4,38.9,39.6
DYNAMATECH,1025,1045,1089.9,1019.25,1051.8
DYNPRO,500,505.5,518.6,495.1,505.5
EASEMYTRIP,187.2,185,192.75,184,187.7
EASTSILK,2.7,2.7,2.75,2.6,2.7
EASUNREYRL,2.25,2.2,2.25,2.05,2.15
EBIXFOREX,451.5,449,470,442.5,448.05
ECLERX,1236.25,1212.55,1266.05,1209,1230.6
EDELWEISS,58.4,59,60.7,58.05,59.7
EDUCOMP,2.7,2.55,2.7,2.55,2.65
EICHERMOT,2419.95,2442,2470.25,2414,2462.9
EIDPARRY,345.6,323,355.95,322,323.55
EIHAHOTELS,228.25,239.85,239.85,228,234.8
EIHOTEL,86.7,87,87.9,86.15,87.8
EIMCOELECO,342.85,337.95,348.25,333.35,344.35
EKC,132.65,132.65,132.65,132.65,139.6
ELECON,91.95,91,96.95,88.65,91.5
ELECTCAST,34.3,33.5,35,33.5,34.3
ELECTHERM,110.8,109.55,114.2,108.25,109.3
ELGIEQUIP,213.75,217,218.75,211.2,216.95
ELGIRUBCO,28.6,27.75,30.75,27,27.5
EMAMILTD,490.5,496,496,489.65,496.95
EMAMIPAP,119,120.3,122.9,117.2,122.6
EMAMIREAL,44.6,46.5,46.5,44,45.55
EMCO,1.5,1.45,1.5,1.45,1.45
EMKAY,64,64.05,66,63.75,65.75
EMMBI,79.95,80.95,82.45,78.65,81.45
ENDURANCE,1319.85,1285.7,1320,1275.25,1297.45
ENERGYDEV,8.45,8.85,8.95,8.45,8.6
ENGINERSIN,72.7,72.4,74.45,72.2,72.85
ENIL,146.5,149.95,149.95,145.75,149.05
EPL,223.9,226.85,229.9,223.8,227.55
EQUITAS,81,78.5,82.5,78.5,81.3
EQUITASBNK,55.6,55.75,56.9,55,54.75
ERIS,604.95,603.45,606,595.2,603.45
EROSMEDIA,20.15,20.3,21.2,20.15,20.5
ESABINDIA,1770,1820,1833.75,1768,1822.7
ESCORTS,1122.05,1120.7,1157,1111,1130.4
ESSARSHPNG,7.95,7.9,8.05,7.7,7.8
ESTER,146.05,144,152,141,141.9
EUROTEXIND,7.3,7.3,7.3,7.3,7.3
EVEREADY,294.6,297.6,300.8,293.5,297.65
EVERESTIND,317.15,321,344,311.95,320.5
EXCEL,1.95,1.95,1.95,1.95,1.9
EXCELINDUS,880,885,901,865,883.9
EXIDEIND,177.75,180.7,182.75,176.85,178.2
EXPLEOSOL,541,532.95,549.7,531.8,533.8
FACT,109.15,112,115.45,107.85,113.5
FAIRCHEMOR,731.1,727,739.2,710.4,729.25
FCL,71.8,71.5,74,71.5,71.3
FCONSUMER,7,7.1,7.2,6.9,7.1
FCSSOFT,0.7,0.7,0.75,0.65,0.7
FDC,304,304.8,311.7,303.05,305.55
FEDERALBNK,80.05,77.05,82.9,76.25,77.55
FEL,9.65,9.65,10,9.4,9.65
FELDVR,13.15,13.4,13.5,13,13.35
FIEMIND,599,611.8,614,592.25,613.95
FILATEX,93.6,85,94,81.1,84.2
FINCABLES,362.15,365,367.95,360.7,366.15
FINEORG,2871,2861.35,2948,2852.35,2900.85
FINPIPE,150.95,153.75,153.75,150.3,149.6
FLEXITUFF,22.15,22.1,22.15,21.6,21.1
FLFL,59,59.6,61.3,58.45,60.05
FLUOROCHEM,796,790.4,819,771.6,790.4
FMGOETZE,291.85,289.95,302.75,288,291.95
FMNL,16.1,16,16.25,15.5,16.2
FORCEMOT,1111.1,1118,1141.45,1110.05,1123
FORTIS,211,210.45,215.5,210,210.25
FOSECOIND,1321.15,1350,1353.15,1305,1345.35
FRETAIL,51.1,51.4,52.45,49.25,51.3
FSC,80,80.8,80.8,78.3,79.8
FSL,112.9,112.25,114.45,112,113.45
GABRIEL,106,107,107.9,106,107.5
GAEL,150,142.4,153.5,142.4,143.9
GAIL,137.25,133.45,141.45,132.3,134.8
GAL,2.2,2.25,2.3,2.1,2.25
GALAXYSURF,2923.8,2918,2960,2875,2911.65
GALLANTT,53.35,54.05,56.7,53.1,53.95
GALLISPAT,41.5,41.45,45,40.65,43.15
GAMMNINFRA,0.75,0.7,0.75,0.7,0.7
GANDHITUBE,304,303,310,300,310.2
GANECOS,584,580.75,599.75,575.05,589
GANESHHOUC,70.65,70.1,71.6,67,70
GANGESSECU,63.4,61.3,63.5,61.3,62.1
GARFIBRES,2620,2612,2670.1,2577.2,2612.1
GATI,96.45,97.1,98.9,95.25,97.65
GAYAHWS,0.6,0.6,0.6,0.55,0.6
GAYAPROJ,28.1,28,29.15,27.55,28.25
GBGLOBAL,6.85,6.85,7.15,6.85,6.85
GDL,203.4,207.8,211.2,202,211.9
GEECEE,101.85,103,103.4,101.15,103.5
GEEKAYWIRE,75,76.8,77.05,74,76.8
GENCON,44.65,44.05,45.75,41.1,44
GENESYS,108.6,107,108.8,106.15,103.65
GENUSPAPER,7.25,7.45,7.45,7.25,7.4
GENUSPOWER,46,47,47.75,46,47.05
GEOJITFSL,51.8,53.3,53.3,51.5,52.45
GEPIL,259.5,261.05,265.45,258.8,263.85
GESHIP,315,303,324,302.9,305.05
GET&D,115,114.65,117,113.15,115
GFLLIMITED,69.9,71.25,71.35,69.8,70.7
GFSTEELS,1.95,#N/A,#N/A,#N/A,1.95
GHCL,235.6,233.75,236.9,232.05,233.75
GICHSGFIN,113.2,113.05,115.6,112.55,113.45
GICRE,204.85,204.2,208,202.05,202.2
GILLANDERS,39,39.1,40.95,38.2,39
GILLETTE,5495,5495,5510,5439.1,5492.4
GINNIFILA,21.5,20.65,22.3,20.5,20.65
GIPCL,75.85,75.35,76.4,75,75.5
GISOLUTION,2.05,#N/A,#N/A,#N/A,2.05
GKWLIMITED,526.9,528.05,529.05,516,524.1
GLAND,2775,2651,2818.3,2629,2651.05
GLAXO,1461.7,1455,1464.9,1440.5,1458.85
GLENMARK,577.2,566.9,583.95,565.5,566.35
GLFL,2.05,2.05,2.05,2.05,2.05
GLOBAL,46.65,46.95,46.95,44.85,45.3
GLOBALVECT,41.45,40.5,41.45,40.1,39.5
GLOBE,48.95,48.95,48.95,48.95,48
GLOBUSSPR,319.4,327.85,335,317.05,324.25
GMBREW,394,406.5,406.5,391.6,406.5
GMDCLTD,58.4,57.05,59.8,56.8,57.8
GMMPFAUDLR,4155,4198.85,4217,4146,4219.85
GMRINFRA,22.85,22.85,23.05,22.5,22.85
GNA,382.7,388.9,390,381,392.5
GNFC,360.65,355.3,373.65,350.25,358.55
GOACARBON,314,319,322,312.9,320.35
GOCLCORP,202.95,200.3,203,199.55,200.05
GODFRYPHLP,862.95,864.8,869.7,859.55,864.6
GODHA,43.1,44.5,44.5,40.4,42.5
GODREJAGRO,500,498,507.7,496.1,498.5
GODREJCP,691.25,700.25,710.8,687.5,702.1
GODREJIND,510,504.7,515.9,504.7,514.7
GODREJPROP,1364.1,1366,1394,1357.9,1379.75
GOENKA,1.5,1.5,1.5,1.4,1.45
GOKEX,90.35,87.75,97.6,86.9,88.85
GOKUL,18.4,18.45,18.9,18.2,18.7
GOKULAGRO,22.2,22.65,23,21.25,22.2
GOLDENTOBC,42.1,43.1,43.1,40.2,41.45
GOLDIAM,360,357,367,355.3,363.3
GOLDTECH,9.6,9.8,9.9,9.6,9.9
GOODLUCK,92.5,95,96.7,90,94.3
GOODYEAR,901.15,900,934.95,891,901.3
GPIL,945,873,945,873,886.35
GPPL,92,93.9,94.6,91.35,94.05
GPTINFRA,39.3,41,41,38.9,40.7
GRANULES,334,331.85,339.9,330,331.5
GRAPHITE,728,724.95,749.65,721.05,735
GRASIM,1401.1,1342,1407.4,1333,1350.7
GRAVITA,94.55,96.5,99.3,94.5,96.4
GREAVESCOT,144.8,135,149,134.25,137.9
GREENLAM,1065,1114,1145.65,1065,1126.4
GREENPANEL,233.65,220.05,234.4,218,223.25
GREENPLY,199.9,205.7,207.8,199.9,205.5
GREENPOWER,1.95,2,2,1.95,2
GRINDWELL,912,904,928.15,904,911.65
GROBTEA,792.3,763.95,792.3,763.95,780
GRPLTD,815,844.05,850,803,820.55
GRSE,175.95,177.5,178,175.05,179.8
GSCLCEMENT,35.1,34.3,35.7,34.2,34.45
GSFC,94.15,93.7,96.8,92.8,94.05
GSPL,270.1,268,274.45,265.25,269.4
GSS,68,66,69.3,65.85,65.7
GTL,5.4,5.6,5.6,5.4,5.45
GTLINFRA,0.7,0.7,0.7,0.65,0.7
GTNTEX,5.3,5.25,5.3,5.25,5.25
GTPL,129.25,130,130.15,127.75,130.45
GUFICBIO,136.45,135,139.95,133.55,135.3
GUJALKALI,412,411,421.75,410,414.45
GUJAPOLLO,206.9,210.75,214.95,205.1,209.2
GUJGASLTD,531.7,519.45,539.5,519.45,529.4
GUJRAFFIA,43,42.2,43.45,40.3,42.2
GULFOILLUB,709.85,715,718.5,704.2,714.95
GULFPETRO,42.55,41.55,44,40.7,41.9
GULPOLY,150.85,150,155.3,148.55,155.4
HAL,955.5,945,959.9,941.15,946.35
HAPPSTMNDS,718.1,705,744,704,703.95
HARRMALAYA,156.7,150.6,162.3,150.6,150.55
HATHWAY,23.4,23.15,24.1,22.85,23.4
HATSUN,796,793.1,807.8,789.9,800.4
HAVELLS,985,1000.2,1035.55,982.35,1009.35
HAVISHA,0.8,0.8,0.8,0.75,0.8
HBLPOWER,34.9,34.5,36.35,34.2,35.05
HBSL,16.3,16.35,16.7,16.2,16.5
HCC,7.7,7.65,7.9,7.6,7.7
HCG,180,173,181.6,172.5,175.95
HCL-INSYS,8.8,8.8,8.95,8.7,8.8
HCLTECH,900.1,905,915,895.4,909.55
HDFC,2433.25,2503.1,2525,2411.1,2538.85
HDFCAMC,2774.65,2779,2825,2757.05,2792.2
HDFCBANK,1412.9,1445,1453.8,1407.5,1472.5
HDFCLIFE,662.9,670,678,660.7,674.65
HDIL,4.8,4.85,5,4.7,4.9
HEG,2283,2242.1,2359,2232.05,2280.05
HEIDELBERG,237,234.4,237.75,230.25,233.2
HEMIPROP,131.5,133,134.65,131,134.35
HERANBA,715.5,696.5,727.7,691.85,700.35
HERCULES,116.75,119.05,119.15,116,118.2
HERITGFOOD,364,364.5,371,360.45,364.35
HEROMOTOCO,2818,2834.8,2860,2805,2860.1
HESTERBIO,2221,2250,2289.5,2210,2261.95
HEXATRADEX,99.05,96.1,102.5,96.1,100.65
HFCL,27.7,27.05,28.65,27.05,27.45
HGINFRA,275,274.7,279.05,273.6,273.25
HGS,1709,1765,1765,1695,1746.2
HIKAL,265.8,253,272,252.1,256.65
HIL,3590,3600,3716.8,3561.9,3610.9
HILTON,11.2,11.5,11.75,11.05,11.6
HIMATSEIDE,156.5,153.95,157.85,153,155.25
HINDALCO,363.65,368.9,377,361.3,372.15
HINDCOMPOS,264,268,268,260.05,259.75
HINDCOPPER,153.9,156.1,163.7,153.35,158.15
HINDMOTORS,6.85,6.95,7,6.75,6.95
HINDNATGLS,31.8,33.1,33.1,31.1,32.15
HINDOILEXP,102,98.25,107.2,98,98.7
HINDPETRO,234.75,228.25,245.25,228.2,229.7
HINDUNILVR,2350,2410,2442.9,2330.25,2407.6
HINDZINC,304.6,305.5,312.55,302.05,307.2
HIRECT,121.2,120.05,126.85,119.4,121.95
HISARMETAL,114,115,118.85,113.8,115.7
HITECH,371.2,370.05,375.7,365.65,373.8
HITECHCORP,143.6,147.9,152.2,143.6,147.85
HITECHGEAR,169.95,169.45,171,161.6,166.15
HLEGLAS,2620,2522.25,2648.35,2522.2,2522.25
HLVLTD,5.85,5.9,5.9,5.65,5.9
HMT,27.1,27.6,27.6,26.25,27.4
HMVL,61,61.3,62.75,60.6,60.6
HNDFDS,2048.1,2119.9,2119.9,2040.65,2100.65
HOMEFIRST,497.3,481,513.15,477.7,478.55
HONAUT,43359.75,43000,43690,42882.5,43265.6
HONDAPOWER,999.05,991.35,1025,980.2,1000.55
HOTELRUGBY,0.95,#N/A,#N/A,#N/A,0.95
HOVS,44.55,45.95,46,44.5,46
HPL,46,46.45,47.35,45.75,46.6
HSCL,44.4,45,46,44.25,45.3
HSIL,152.5,151.1,155,150.75,153.75
HTMEDIA,22.5,22.65,22.65,21.7,22.1
HUBTOWN,16.6,17,17,16.25,16.55
HUDCO,41.7,41.5,42.2,41.4,41.9
HUHTAMAKI,273.95,277.95,279.4,271,278.7
IBREALEST,77.2,76.8,79,76.5,77.9
IBULHSGFIN,181.2,178,186.2,177.2,182.05
ICEMAKE,69,71.85,71.85,66.25,69.5
ICICIBANK,599.7,610.1,616.35,598.1,621.45
ICICIGI,1417.4,1413.6,1424.1,1400,1417.85
ICICIPRULI,521.85,521.05,534.5,517.15,524.5
ICIL,130.25,129,133.5,128,130.35
ICRA,3320,3351.1,3484.95,3280,3333.6
IDBI,35.3,34.55,36,34.55,35.4
IDEA,8.35,8.35,8.6,8.3,8.4
IDFC,52.8,52.05,54,50.7,51.8
IDFCFIRSTB,54.8,54,55.55,53.6,54.8
IEX,370.3,371.1,379,368.05,375.55
IFBAGRO,416,411.25,445,405,412
IFBIND,980.1,990,1008,975,995.65
IFCI,10.95,11.05,11.05,10.85,11.05
IFGLEXPOR,370.2,366.4,378.25,366.4,371.9
IGARASHI,358,370,373.7,356,374.95
IGL,509,500,522.95,497.5,505.25
IGPL,466.5,478,480.15,464,474.55
IIFL,267.85,269.15,272.25,264,273.5
IIFLSEC,52.25,49.5,53,49.3,49.5
IIFLWAM,1139,1080.05,1156.9,1080.05,1100.35
IITL,56,52.9,56.5,52.9,55.35
IL&FSENGG,3.6,3.55,3.65,3.5,3.65
IL&FSTRANS,2.4,2.55,2.55,2.4,2.5
IMAGICAA,5.7,5.95,5.95,5.65,5.85
IMFA,440.2,454.95,465.05,437.05,457
IMPAL,650,649.15,688.95,640.25,641.3
IMPEXFERRO,0.95,#N/A,#N/A,#N/A,0.95
INDBANK,13.2,13.65,13.65,13.05,13.35
INDHOTEL,111.25,110,114.5,107.2,110.55
INDIACEM,163.5,165.05,168.5,162.55,166.25
INDIAGLYCO,471,462,489,461.1,467.35
INDIAMART,7950,8400,8580,7888.85,8815.4
INDIANB,109.9,110,112.9,108.65,111.85
INDIANCARD,129.4,130.3,130.45,127.1,128.05
INDIANHUME,171.15,174,174.8,170.3,171.85
INDIGO,1642.95,1632,1679.8,1632,1655.85
INDIGOPNTS,2320,2337.9,2353.6,2307,2336.5
INDLMETER,14.65,14.5,14.9,13.4,14.5
INDNIPPON,368.1,363.95,375.1,363,363.6
INDOCO,329,328,334.45,325.35,329.65
INDORAMA,36.55,37.5,38,36.5,37.5
INDOSOLAR,1.8,1.8,1.85,1.75,1.8
INDOSTAR,304.95,305.8,310.15,300.15,310.05
INDOTECH,95.1,93,96.8,92.6,94.45
INDOTHAI,49.5,51,51,49.5,51
INDOWIND,3.45,3.4,3.5,3.25,3.4
INDRAMEDCO,66.6,69,70.5,65.7,69.95
INDSWFTLAB,80.7,83.3,84.7,80,83.3
INDTERRAIN,27.55,27.95,28.45,27.5,27.95
INDUSINDBK,934.95,928,948.5,915.1,939.45
INDUSTOWER,253.5,251,257.8,250.25,252.4
INEOSSTYRO,1115,1120.1,1143.1,1105,1130.5
INFIBEAM,39.2,38.9,40,38.9,39.55
INFOBEAN,193,191.5,198,184.95,189.75
INFOMEDIA,3.8,3.8,3.8,3.65,3.65
INFY,1348.6,1346.3,1373.9,1345.9,1356.35
INGERRAND,746,737.95,757.5,736,740
INOXLEISUR,270.5,268.55,274.75,268.55,276.05
INOXWIND,77.15,76.4,78.95,75.5,76.4
INSECTICID,484,476,486.95,476,484.1
INSPIRISYS,48.15,49.1,49.4,46.5,48.15
INTELLECT,682.05,690,698.45,677.75,696.05
INTENTECH,43.5,39.6,47.8,39.6,40.4
INVENTURE,24.25,24.8,25.8,24.2,24.85
IOB,15.7,15.75,15.85,15.5,15.85
IOC,90.8,88.6,93.1,88,88.9
IOLCP,592.5,602.7,609,590,606.05
IPCALAB,2111,2075,2127.55,2066.65,2075.1
IRB,104.4,106,106.4,104.1,107.05
IRCON,89.6,89.3,91.2,89.3,90.5
IRCTC,1780,1784.9,1809.15,1757.75,1792.55
IRFC,21.25,21.05,21.4,21,21.15
IRISDOREME,108.1,107,114.45,96.15,105.7
ISEC,455,468,468.6,448.6,466.3
ISFT,86.85,84.2,88.85,84.2,84.65
ISMTLTD,11.15,11,11.75,10.65,11.3
ITC,202.4,203.9,205.7,202,204.3
ITDC,329.15,320.2,335,318.05,322.9
ITDCEM,71.9,72.1,73.55,71.35,72.1
ITI,107.7,107.9,109.25,107.4,108.35
IVC,4.85,4.9,5.15,4.8,4.85
IVP,114.7,124.85,125,113.8,119.2
IZMO,68.1,70,70,67.8,69.1
J&KBANK,23.85,23.7,24,23.65,24
JAGRAN,53.65,54.9,55.4,53.15,55.3
JAGSNPHARM,95.9,96,98.7,94.25,97.15
JAIBALAJI,54.8,54.8,54.8,53.25,52.2
JAICORPLTD,85.85,85,88.45,84.6,85.9
JAINSTUDIO,1.7,#N/A,#N/A,#N/A,1.7
JAMNAAUTO,68.55,67.3,69.3,67.3,68.45
JASH,369,390,390,368.65,385.5
JAYAGROGN,164,144.85,165,144.85,144.85
JAYBARMARU,308.75,275,320,273,267
JAYNECOIND,13.75,14.5,14.7,13.6,14.15
JAYSREETEA,80.15,76.65,83.4,75.7,75.9
JBCHEPHARM,1394,1379.7,1409.8,1367.1,1379.65
JBFIND,17.1,15.5,17.1,15.5,16.3
JBMA,390.6,378,414,378,376.55
JCHAC,2344.85,2373.65,2385.3,2325.35,2372.8
JETAIRWAYS,93.65,97.9,97.9,93.65,98.55
JHS,20.35,20.5,20.55,19.45,20.3
JIKIND,0.55,0.55,0.6,0.5,0.55
JINDALPHOT,63,65.8,65.8,63,62.7
JINDALPOLY,726.25,721,744,715.9,722.4
JINDALSAW,84.7,80.95,87.65,80.2,81.3
JINDALSTEL,439.9,447.4,455.85,432.4,454.25
JINDRILL,93,93,96.8,92.5,90
JINDWORLD,45.85,45.4,46.35,45.25,45.8
JISLDVREQS,12.9,13.1,13.3,12.9,13.25
JISLJALEQS,19.1,19,19.65,18.9,19.5
JITFINFRA,8.7,8.75,9.25,8.45,8.85
JIYAECO,4.95,5,5.05,4.9,4.95
JKCEMENT,2818,2752.3,2820,2752.3,2792.3
JKIL,183.75,183.35,187.45,182.05,183.5
JKLAKSHMI,403,399.95,412.05,399.65,401.6
JKPAPER,138.45,142.8,145.45,138,141.3
JKTYRE,121.95,116.75,127.5,115,116.85
JMA,39.9,40.3,41.9,39.05,40.3
JMCPROJECT,82.6,81.5,84.1,80.75,81.25
JMFINANCIL,80.3,81.5,82.7,80,82.25
JMTAUTOLTD,2.5,2.45,2.5,2.4,2.45
JOCIL,168.5,170,173.2,165.15,169.7
JPASSOCIAT,7.1,7.1,7.65,7,7.25
JPINFRATEC,1.5,1.45,1.5,1.4,1.45
JPPOWER,3.1,3.1,3.25,3,3.15
JSL,89.9,89.45,93,87,90.3
JSLHISAR,162.7,163,169,161.1,164.25
JSWENERGY,109.95,108.3,111.4,107.5,109
JSWHL,4039,4025.6,4087.65,3999.05,4033.65
JSWISPL,45.85,45.85,45.85,44.8,43.7
JSWSTEEL,713.7,719.6,740,711.45,726.5
JTEKTINDIA,83.25,82.1,83.6,81.2,82.1
JUBLFOOD,2894,2918.9,2965,2881.55,2938.15
JUBLINDS,329,346,354.9,321.4,353.2
JUBLINGREA,415,371,432,370,376.4
JUBLPHARMA,797.05,776,803.95,776,781.85
JUMPNET,7.85,8.25,8.25,7.85,8.25
JUSTDIAL,877.05,862.7,915,861,873.2
JYOTHYLAB,146.45,148,149.5,145.5,148.4
JYOTISTRUC,5.25,5.25,5.6,5.25,5.5
KABRAEXTRU,165.5,166.05,173,163.6,169.35
KAJARIACER,920,930,938.2,910.1,933.35
KAKATCEM,187.05,182.75,196,182.15,182.35
KALPATPOWR,365.75,381,381,363.35,382.65
KALYANI,60,#N/A,#N/A,#N/A,61
KALYANIFRG,174.4,173.25,181.65,171,173
KALYANKJIL,59.95,61,61.2,59.75,61.25
KAMATHOTEL,29.1,29,29.2,28.05,29
KAMDHENU,156.5,158,161.8,152.5,157.7
KANANIIND,4.35,4.1,4.35,3.9,4.1
KANORICHEM,122.1,127.5,127.95,122.1,127.7
KANPRPLA,150.55,143.6,151.8,142.05,143.5
KANSAINER,552.55,561.1,566.55,551.1,569.6
KAPSTON,93.65,92.7,93.65,92.6,93.65
KARDA,120.8,123.65,126.35,120.8,124.3
KARMAENG,12.95,12.85,12.95,12.45,12.85
KARURVYSYA,52.45,52.3,53.1,52,52.8
KAUSHALYA,1.35,1.35,1.35,1.35,1.35
KAYA,271,269.3,282,266.3,278.15
KCP,98.35,96.7,103.6,96.2,97.05
KCPSUGIND,17.8,16.7,18.9,16.45,17
KDDL,313.85,308.5,319.45,306.8,312.65
KDDL-RE,191,220,220,139,230.1
KEC,402,391.1,403.95,391.1,401.05
KECL,13.1,13.2,13.3,12.8,13
KEERTI,24.15,25.15,25.35,23.5,24.75
KEI,522,516.6,525,515.05,519.9
KELLTONTEC,66.25,66.75,67.8,65.8,66.7
KENNAMET,1041,1065.3,1080,1041,1070.45
KERNEX,42.1,43,43.8,41.05,42.3
KESORAMIND,76.3,74.85,79.5,74.25,75.45
KEYFINSERV,60,61.6,62.55,58.95,62.1
KGL,0.25,0.15,0.25,0.15,0.2
KHADIM,138.2,137,143.6,137,138.25
KHAICHEM,22.4,22.65,22.85,22.1,22.5
KHANDSE,13.55,13.55,14.75,13.25,14.35
KICL,1592,1600,1605,1545,1591.8
KILITCH,105,103.3,110.9,100.85,103.3
KINGFA,590,595,609.05,590,595.15
KIOCL,162,157,170,155.25,156.2
KIRIINDUS,446,428,459,425,434.75
KIRLFER,212.2,202.7,218.7,201.5,204.35
KIRLOSBROS,243.8,244.25,253,240.05,244.5
KIRLOSENG,173.7,175,181.85,173,174.95
KIRLOSIND,1282.7,1313,1325,1282.7,1308.7
KITEX,98.05,98.5,98.5,96.6,97.7
KKCL,822.25,843.05,843.05,818.05,843.55
KMSUGAR,16.45,13.9,16.85,13.85,14.05
KNRCON,200,200,202,198.55,199.65
KOKUYOCMLN,55.2,54.8,56.3,54,54.85
KOLTEPATIL,212,220.05,220.05,210.1,219.4
KOPRAN,170,170.9,178.5,167.1,172.45
KOTAKBANK,1743.75,1780,1802,1739.45,1805
KOTARISUG,23.75,23.9,25.3,23.7,23.9
KOTHARIPET,28.5,28.65,30,28.1,28.7
KOTHARIPRO,63.75,62.1,67.05,61.5,63.2
KPITTECH,196.5,196.4,203,194.7,195.7
KPRMILL,1378.75,1332,1385,1330,1361.9
KRBL,184.9,182.25,189,182.25,184.25
KREBSBIO,129.3,130.45,130.45,125.45,132.3
KRIDHANINF,3.95,4,4,3.65,4.05
KRISHANA,89.5,89,92.2,85.05,85.8
KSB,875,889.8,901.85,874,897.95
KSCL,605.65,605,622.4,595,602.2
KSL,368.8,374.9,387.7,365.25,377.85
KTKBANK,61.5,61.35,62.5,60.8,61.5
KUANTUM,64,65.4,68.7,63.05,64.8
L&TFH,87.1,88,89.45,86.5,89.9
LAKPRE,3.9,#N/A,#N/A,#N/A,3.9
LALPATHLAB,2934,2960,2985,2920,2926.45
LAMBODHARA,56.1,56.8,58.65,55,56.65
LAOPALA,217.8,223,228.8,216.5,227.65
LASA,77.8,77.9,79,76,77.95
LAURUSLABS,453.8,454.9,466.4,450,458.1
LAXMIMACH,6228,6120,6320.95,6102.05,6121.6
LCCINFOTEC,2,2,2,2,2.1
LEMONTREE,35.35,34.4,36.6,34.05,35
LFIC,80.95,81.25,81.5,78.35,78.3
LGBBROSLTD,303.8,305,311.9,298.2,301.35
LGBFORGE,3.75,3.95,3.95,3.75,3.85
LIBAS,44.5,44.2,44.7,43.25,44.05
LIBERTSHOE,126.9,125.85,132.7,124,126.3
LICHSGFIN,404.5,406.8,417.6,404,411.5
LIKHITHA,375.4,373.1,382.95,371.5,380.25
LINCOLN,281.2,272.5,293.25,270,273.15
LINCPEN,152.5,152.4,152.5,148.75,152.4
LINDEINDIA,1841,1847,1859.9,1825.05,1847.55
LODHA,590,592,621.9,588.1,601.65
LOKESHMACH,46.05,46,48.45,44.45,46.6
LOTUSEYE,42.7,44.2,44.2,42.5,43.45
LOVABLE,90.5,89.95,93.4,89,90.1
LPDC,2.1,2.05,2.1,1.9,2
LSIL,1.45,1.45,1.45,1.45,1.4
LT,1340.05,1350,1365,1336.1,1358.65
LTI,3887,3840,3929.7,3831,3851
LTTS,2730,2611,2766.7,2605.65,2628.15
LUMAXIND,1515,1530,1556.7,1505,1542.15
LUMAXTECH,146.95,152.9,152.9,145,153.25
LUPIN,1070,1045,1082.9,1045,1055.5
LUXIND,1920,1890,1950,1885.55,1893.2
LXCHEM,207.5,206,215,204.5,209.6
LYKALABS,41.3,40.45,41.3,38.4,39.35
LYPSAGEMS,4.25,4,4.3,4,4.15
M&M,753.05,768.4,778.4,750.45,774.6
M&MFIN,161.35,163.8,165.15,158.05,165.3
MAANALU,186,179.95,198.3,176.4,178.5
MACPOWER,88.5,92.45,92.45,86.75,89.4
MADHAV,49.6,49.55,51.95,49.55,50.95
MADHUCON,4.8,4.95,5,4.75,4.95
MADRASFERT,25.3,25.75,25.75,25.1,25.45
MAGADSUGAR,168.6,142,172.9,139.95,144.1
MAGMA,118.75,117.2,123.4,116.3,117.55
MAGNUM,4.4,4.35,4.4,4.25,4.3
MAHABANK,24.1,24.5,24.85,24,24.75
MAHAPEXLTD,66.05,67.85,68,65,67.95
MAHASTEEL,92.7,92.8,95.85,91.25,93.3
MAHEPC,147.4,148,154,146.3,147.95
MAHESHWARI,103.9,105.05,106,102.05,106.55
MAHINDCIE,169.95,172.9,173.85,169,172.25
MAHLIFE,499.15,494,504.7,492.5,504.7
MAHLOG,540,556,560,526.55,550.4
MAHSCOOTER,3616,3691.9,3691.9,3569.45,3665.9
MAHSEAMLES,288,282.5,305,280.2,283.35
MAITHANALL,788.3,786.95,819.6,780.25,795.9
MAJESCO,71.6,71.8,71.85,71.25,72
MALUPAPER,25,25.25,25.65,24.9,25.1
MANAKALUCO,10.5,10.85,10.85,10.25,10.45
MANAKCOAT,15.6,15.95,15.95,15.15,15.6
MANAKSIA,56.3,56.85,58.05,55.75,56.85
MANAKSTEEL,25.4,26,26.75,24.9,25.9
MANALIPETC,79.05,78.5,81.4,78,79.65
MANAPPURAM,148.8,146,153.6,145.1,147.2
MANGALAM,142.5,139.95,145.2,139,139.95
MANGCHEFER,77.95,77.5,81.9,77.5,78.25
MANGLMCEM,275.25,276,281,272.75,277.7
MANGTIMBER,10.3,10.8,10.8,10.25,10.6
MANINDS,90.7,83.35,96.5,82.2,84.35
MANINFRA,38.7,38.75,40.75,38.3,38.9
MANUGRAPH,11,10.9,11.8,10.8,11.25
MARALOVER,37,35.25,37,35.05,35.25
MARATHON,49.65,50.4,50.75,48.1,49.5
MARICO,410.1,409.85,422.2,401.7,409.85
MARINE,72.2,74.85,74.85,72,73.7
MARKSANS,71.1,70.6,73.6,69.1,71.5
MARUTI,6438.35,6537.1,6559.6,6421,6565.65
MASFIN,799.55,805,823,788.6,817.15
MASKINVEST,27.1,27.1,27.1,27.1,28.5
MASTEK,1647.7,1615,1699.9,1601.05,1623.05
MATRIMONY,946.9,954,993,943.2,942.9
MAWANASUG,43.8,41.25,43.8,40.95,41.75
MAXHEALTH,228.3,222.5,235,222.2,224.5
MAXIND,65.95,65,65.95,65,65.25
MAXVIL,54.65,54.6,55.8,54.6,55.25
MAYURUNIQ,437.4,444.7,455.75,436.55,447.5
MAZDA,449.55,455.9,459,449.05,455.95
MAZDOCK,200.8,200.3,206.9,199.95,201.3
MBAPL,83.4,76.6,83.45,76.55,80.25
MBECL,7.7,7.9,8,7.5,7.75
MBLINFRA,17.6,18.3,18.35,17.5,17.85
MCDHOLDING,37.8,38.5,40.1,37.8,38.2
MCDOWELL-N,518,523.95,532.25,516,525.25
MCL,87.1,88.65,91,87.1,88.65
MCLEODRUSS,22.9,21.5,23.2,21.5,22.1
MCX,1477.9,1520,1534.45,1471,1532.1
MEGASOFT,12.7,13.4,13.65,12.35,13
MEGH,141.35,139.5,148.35,138.3,141.45
MELSTAR,1.95,2.1,2.1,1.95,2
MENONBE,56.9,56.85,59.65,54.35,56.35
MEP,15.95,15.75,16.35,15.3,15.6
MERCATOR,1,1,1,0.95,0.95
METALFORGE,5.1,5.5,5.5,5.1,5.25
METROPOLIS,2394,2399,2464,2370.15,2392.8
MFSL,899.45,915.4,919.7,890.25,914.55
MGEL,46,48.7,48.7,46,46.1
MGL,1125,1097.55,1143.75,1087.6,1097.55
MHRIL,211.5,210.05,211.9,208.4,210.95
MIC,0.8,0.8,0.8,0.8,0.75
MIDHANI,183.8,184,190.6,183,186.5
MINDACORP,101,99.3,101.95,98.1,100.4
MINDAIND,525.7,535,537.8,521,531.5
MINDTECK,51.1,55,55,50.05,52.5
MINDTREE,2104,2098.8,2139.85,2091.1,2097.8
MIRCELECTR,14.05,13.15,14.05,12.75,13.4
MIRZAINT,45.15,45.9,46.65,45,45.7
MITTAL,10.2,10.5,10.5,10.1,10.35
MMFL,442,472.95,473,440.7,463.9
MMP,86.65,88.1,90,86.05,87.85
MMTC,40.8,39.85,42.1,39.3,40.4
MODIRUBBER,79,83.9,83.9,77.8,81.75
MODISNME,#N/A,#N/A,#N/A,#N/A,#N/A
MOHITIND,6.4,6.35,6.65,6.2,6.45
MOHOTAIND,6.3,6.6,6.65,6.3,6.6
MOIL,164.8,163.7,171.35,162,160.55
MOLDTECH,46.9,47.95,47.95,45.35,46.4
MOLDTKPAC,448.85,459.5,459.5,445,458.55
MONTECARLO,224.45,226.1,234.3,222.6,229.05
MORARJEE,13.8,14.35,14.4,13.7,13.85
MOREPENLAB,65.25,58.45,66,57.25,60.2
MOTHERSUMI,214.9,216.25,221.9,214.1,219.4
MOTILALOFS,633.5,660,660,632.5,629.3
MOTOGENFIN,20.75,20.85,20.85,20.1,20.4
MPHASIS,1765,1770,1784.95,1755.3,1770
MPSLTD,600,603.6,614,542,613.55
MRF,80560,77600,81699,77200,77656.9
MRO-TEK,23.1,23.9,23.9,22.7,23.85
MRPL,43.15,42.5,43.8,41.25,42.65
MSPL,11.5,11.45,11.55,10.8,11
MSTCLTD,255,261.55,262.5,250.25,263.45
MTARTECH,933,935,949.95,930,939.6
MTEDUCARE,6.75,7.1,7.1,6.65,6.8
MTNL,16.05,16.1,16.4,15.9,16.15
MUKANDLTD,112.6,103,112.6,102.75,107.25
MUKTAARTS,28.15,28.15,28.8,28.1,28.2
MUNJALAU,52.4,52.4,53.15,51.4,52.05
MUNJALSHOW,132,134.05,136.45,130.15,136.05
MURUDCERA,19.65,20.05,20.25,19.45,19.9
MUTHOOTCAP,370,389.95,389.95,365.7,379.9
MUTHOOTFIN,1151,1159.8,1187,1151,1166.25
NACLIND,38,37.55,38,37,37.55
NAGAFERT,5.7,5.65,5.8,5.55,5.65
NAGREEKCAP,6.05,6.05,6.05,5.75,6.05
NAGREEKEXP,17.5,17,17.85,17,17.05
NAHARCAP,99.3,93.1,109.45,93.05,92.2
NAHARINDUS,45.8,44.45,47.7,42.55,44.15
NAHARPOLY,130.6,115,138.5,108,116.3
NAHARSPING,104.8,99.65,104.8,99,99.85
NAM-INDIA,340.55,339.8,345.5,338.7,342.65
NATCOPHARM,891,887.4,912,886,890.15
NATHBIOGEN,352,349.8,361.1,349.55,350.15
NATIONALUM,64.4,64.05,66.5,63.6,64.75
NATNLSTEEL,4.8,5,5,4.8,4.8
NAUKRI,4914.95,4945.55,5043.85,4866,5008.95
NAVINFLUOR,3440,3390,3538,3339.75,3391.6
NAVKARCORP,34.1,34.15,34.95,33.8,34.15
NAVNETEDUL,74.75,76,76,74,74.9
NAZARA,1726,1720,1782,1720,1749.5
NBCC,40.55,40,41.5,40,41.15
NBIFIN,1979,1939.55,1979,1922.3,1926.9
NBVENTURES,78,72,81.15,70.4,72.65
NCC,74.45,74.8,76,74.4,75.8
NCLIND,184.55,180.85,188.45,179.9,182.75
NDGL,752.3,708,788.2,708,767.6
NDL,30,30.95,30.95,29.65,31.2
NDRAUTO,192,195.9,198.55,192,194.95
NDTV,54.25,55.55,55.55,54.05,55.05
NECCLTD,8.4,8.5,8.55,8.1,8.45
NECLIFE,25,25.5,25.8,24.6,25.85
NELCAST,66.5,68.95,69.7,65.5,70.85
NELCO,201.3,199.8,206.3,198.65,201.35
NEOGEN,863.9,868.95,883,861.1,871.85
NESCO,499.8,505,506.9,493.9,506.1
NESTLEIND,16320.2,16500,16569.2,16255,16502.55
NETWORK18,39.35,39.8,40.85,39.25,40.35
NEULANDLAB,2535,2420,2544,2405,2433.65
NEWGEN,315.5,322.5,322.5,314.15,323.5
NEXTMEDIA,4.3,4.55,4.55,4.15,4.35
NFL,57.8,57.6,60.2,56,57.95
NH,405.1,407.8,427,405,417.4
NHPC,24.2,24.2,24.45,24.05,24.35
NIACL,146,146.25,147.9,145.5,146.25
NIBL,19.75,20.8,20.8,19.25,20.25
NIITLTD,165.85,167.65,171.3,162.5,168.6
NILAINFRA,4.4,4.4,4.45,4.25,4.35
NILASPACES,1.45,1.5,1.5,1.45,1.45
NILKAMAL,1930,1960.45,1974,1899.95,1949.7
NIPPOBATRY,755,749.95,763.4,737.35,739.1
NIRAJ,39.05,39.8,40,39,39.75
NIRAJISPAT,120,#N/A,#N/A,#N/A,122
NITCO,19.2,19.3,19.4,18.65,19.1
NITINFIRE,0.65,0.65,0.65,0.55,0.6
NITINSPIN,87.6,85,88.95,84.55,86.25
NITIRAJ,40.7,42.3,43.2,40.3,42.4
NKIND,28.55,28.4,29.25,28.35,27.9
NLCINDIA,47.65,47.4,48.55,47.4,47.55
NMDC,155.05,154,158.7,152.75,154
NOCIL,184.55,180.55,188.8,179.9,182.05
NOIDATOLL,5.95,5.9,6,5.8,5.8
NORBTEAEXP,5.35,5.6,5.6,5.35,5.35
NOVARTIND,647.5,645.05,668.7,642.2,650.1
NRAIL,206,211.5,211.5,201.8,207.95
NRBBEARING,106.6,106,108.9,105,106
NSIL,1565,1520,1583.35,1486.05,1526.35
NTL,0.7,0.75,0.75,0.7,0.75
NTPC,102.4,102.25,105.65,102.05,103.05
NUCLEUS,533.5,537,543.75,533,535.9
NURECA,1209.6,1209.6,1209.6,1209.6,1273.25
NXTDIGITAL,458.5,467,467.05,451.1,463.7
OAL,886.45,908,934.85,875.2,906.8
OBEROIRLTY,543,535.8,551,535.8,548.95
OCCL,929.05,940,953,921,941.65
OFSS,3465.2,3470,3568.95,3438,3469.5
OIL,122,119.25,123.7,118.05,119.5
OILCOUNTUB,7.35,7.35,7.35,7.35,7
OLECTRA,182.95,185.9,189,179.3,185.45
OMAXAUTO,40.4,41.4,41.5,39.45,40.75
OMAXE,69.65,71,71.9,68.3,70.7
OMINFRAL,20.9,20.85,21.25,20.65,20.9
ONELIFECAP,6.2,6.2,6.2,6.1,6.4
ONEPOINT,15.5,15.9,16.35,15.25,16.05
ONGC,108.2,104.15,112.7,103.3,104.05
ONMOBILE,106.2,106,114.6,103.3,105.4
ONWARDTEC,117.25,114.3,127.3,113.55,114
OPTIEMUS,132.3,129.5,136.95,129.5,131.95
OPTOCIRCUI,4.8,4.8,4.8,4.8,5.05
ORBTEXP,57.95,57.5,58.3,57.4,57.4
ORCHPHARMA,#N/A,#N/A,#N/A,#N/A,#N/A
ORICONENT,21.15,21.9,22.85,21.05,21.9
ORIENTABRA,24.5,23.35,25.4,23.2,23.5
ORIENTALTL,7.4,7.5,7.5,7.15,7.25
ORIENTBELL,215.55,218.05,219,212.95,215.35
ORIENTCEM,105.85,105.5,106.95,104.75,105.5
ORIENTELEC,271.5,276.9,279.25,266,277.85
ORIENTHOT,24.7,25,25.85,24.5,24.85
ORIENTLTD,74.65,78,79,74.65,77.05
ORIENTPPR,23.05,23,23.5,22.85,23.05
ORIENTREF,316.65,307,325,306.6,310.8
ORISSAMINE,2345,2369.65,2450.05,2335,2379.7
ORTEL,0.95,1,1,0.95,1
ORTINLAB,29,29,29.55,28.45,29.6
OSWALAGRO,9.6,9.7,9.9,9.3,9.7
PAEL,7.35,7.35,7.35,7.35,7.7
PAGEIND,29628.95,29522.55,29975,29469.55,29890.7
PAISALO,600,615.1,630,597.8,627.2
PALASHSECU,53.55,53.45,54.25,50.85,53.1
PALREDTEC,140.75,149.95,149.95,138.85,146.15
PANACEABIO,331.85,331.85,331.85,331.85,349.3
PANACHE,56.9,58.3,58.45,56.6,57.7
PANAMAPET,176,175,184.3,174,177.45
PARACABLES,9,9.15,9.2,8.85,9.1
PARAGMILK,111.6,111,116.6,111,112.05
PARSVNATH,7.85,7.9,8,7.7,7.95
PATELENG,12.2,12.45,12.45,11.95,12.3
PATINTLOG,19,18.9,19.25,18.7,19.1
PATSPINLTD,4.45,4.55,4.55,4.3,4.55
PCJEWELLER,24,23.8,24.3,23.7,23.85
PDMJEPAPER,23.25,23.6,23.6,23,23.2
PDSMFL,681.5,686.9,686.9,681.5,682.5
PEARLPOLY,15.7,15.75,16,15,15.95
PEL,1675,1687,1714,1662.5,1692.45
PENIND,18.05,18,18.75,17.45,17.95
PENINLAND,7.35,7.45,7.45,6.95,7.3
PERSISTENT,2060,2050,2184.9,2022.6,2002.5
PETRONET,239.7,234.5,243.65,234.2,234.85
PFC,108.2,106.05,110.65,105.65,107.15
PFIZER,5279,5329.9,5421.55,5256.55,5308.15
PFOCUS,66,67.05,69.5,64.35,67.7
PFS,17.1,16.9,17.2,16.75,17.05
PGEL,337,334,351.2,326.2,334.5
PGHH,13569,13491,13575,13230.05,13480.2
PGHL,6405,6380,6448,6313,6373.85
PGIL,177.55,178.95,180,175.25,180.55
PHILIPCARB,207.65,209.85,213.35,206.2,211.6
PHOENIXLTD,722,710.1,725.05,688,717.3
PIDILITIND,1813.85,1843,1856.7,1805.4,1848.2
PIIND,2505,2551.65,2596.8,2499.05,2572.9
PILANIINVS,1687,1730,1730,1660,1689.4
PILITA,13.65,14,14,13.1,13.65
PIONDIST,103,104.1,105.7,101.95,105.15
PIONEEREMB,46.9,46,47.75,45.1,46.7
PITTIENG,64.5,64.8,64.8,63.3,64.2
PKTEA,209.95,210.8,211,202,202
PLASTIBLEN,230,234.6,234.65,227.65,234.1
PNB,34.8,34.55,35.7,34.5,35.05
PNBGILTS,51.95,52,52.9,51.5,52
PNBHOUSING,370.2,375.3,375.3,368,375.3
PNC,47.25,47.25,49,47.25,49.7
PNCINFRA,236.5,241.5,242,235,242.45
PODDARHOUS,173.35,174.55,178.8,167.8,171.1
PODDARMENT,207.7,212.25,213.45,207.7,212.3
POKARNA,245,240,246.85,240,242.65
POLYCAB,1469.95,1534,1551,1460,1539.5
POLYMED,991,1013,1028,975.05,1013.05
POLYPLEX,960.15,870,978.6,865.45,868.2
PONNIERODE,174.15,164.05,184,164.05,168.1
POWERGRID,220.35,217.75,222.3,216.65,220.15
POWERINDIA,1790,1780,1860,1771.1,1807.15
POWERMECH,580,564.5,580,560.65,574.5
PPAP,190.6,192,199,186.55,192.4
PPL,136.4,140.7,141.8,135.35,140.8
PRAENG,8.7,9.2,9.2,8.5,8.65
PRAJIND,234.8,230,241,229.2,233
PRAKASH,80.5,80.4,84.95,80.1,82.15
PRAKASHSTL,0.8,0.8,0.8,0.75,0.75
PRAXIS,33.6,36.15,36.15,33.6,35.2
PRECAM,43.4,43.1,44.9,42.7,43.95
PRECOT,116.95,116.35,117.15,111.9,111.6
PRECWIRE,197.95,194,202.95,191.05,194.75
PREMEXPLN,148.9,150.05,152.4,147.1,149.6
PREMIER,2.1,2.1,2.1,2.1,2
PREMIERPOL,39.45,40.25,41,37.15,39.4
PRESSMN,23.2,22.8,24.9,22,22.65
PRESTIGE,271.8,273.15,275.95,271,276.05
PRICOLLTD,75.2,73.95,75.8,73.05,74.4
PRIMESECU,43.1,42.25,43.75,42.05,42.25
PRINCEPIPE,530.9,492.05,542,492.05,493.35
PRIVISCL,886,880,903.95,868.8,880.8
PROZONINTU,17.25,16.85,17.3,16.85,16.95
PRSMJOHNSN,130.6,123.55,131,123.3,124.55
PSB,18.2,18.3,18.6,17.85,18.3
PSPPROJECT,413,410,419.5,410,412.9
PTC,81.7,80,81.95,79.9,80.55
PTL,36.15,36.05,36.35,36,36
PUNJABCHEM,919,934.9,934.9,860.05,903.8
PUNJLLOYD,1.35,1.4,1.4,1.3,1.35
PURVA,66,67.95,69.9,65.4,66.6
PVR,1135,1170,1185,1130,1188.85
QUESS,627.25,616.95,633.85,613.25,620.35
QUICKHEAL,185.3,184,188.7,182.5,195.7
RADAAN,0.8,0.8,0.85,0.75,0.8
RADICO,564.7,574.5,582.95,563.2,574.55
RADIOCITY,23.15,23.6,23.75,23.1,23.4
RAILTEL,121.7,121.25,124.3,120.55,122
RAIN,178.3,182.95,191.1,178.05,184.9
RAJESHEXPO,527.8,534.9,534.9,510,528.5
RAJMET,90.5,92.3,92.45,90.25,90.8
RAJRATAN,1005,1005,1040,1002.5,1023.4
RAJRAYON,0.25,0.2,0.25,0.2,0.2
RAJSREESUG,20.75,19.85,20.8,19.8,19.85
RAJTV,35.3,35.5,37.5,35.1,36.2
RALLIS,283,284,284.95,278.5,285
RAMANEWS,14.6,14.95,15,14.5,14.8
RAMASTEEL,84.1,80,86.4,80,82.85
RAMCOCEM,984.95,987,1003.55,955.75,989.65
RAMCOIND,281.7,262.95,286,260,262.4
RAMCOSYS,488,483.6,490,478.65,485.85
RAMKY,73.7,70.5,73.8,70,72.75
RANASUG,14.15,11.6,14.15,11.4,11.8
RANEENGINE,267.5,264,274.95,264,271.8
RANEHOLDIN,598,592,607,583,597.35
RATNAMANI,1951.15,1949.8,1960,1919.15,1941.05
RAYMOND,321.4,323.45,327.8,320,326.1
RBL,793,796,812.95,793,808.5
RBLBANK,185.1,187,191.45,184.7,190.3
RCF,73.3,72.5,76.7,72.3,73.65
RCOM,1.55,1.55,1.7,1.55,1.55
RECLTD,127.95,126.25,131,126.1,127.85
REDINGTON,179,178.5,181.8,178,183.5
REFEX,126.5,130.55,134.4,120.95,132.35
RELAXO,875,867.7,890,862.55,868.05
RELCAPITAL,10.3,9.85,10.3,9.6,9.85
RELIANCE,1995.9,2008.5,2036,1987.55,2024.05
RELIGARE,85.9,82.6,89.5,82.3,83
RELINFRA,42.65,37.5,44.25,37.1,37.5
REMSONSIND,157.5,156,164.75,156,159.65
RENUKA,12.1,10.9,12.2,10.6,11.1
REPCOHOME,333,333,334,317.15,330.15
REPL,195.5,202.85,203,195,199.95
REPRO,342.5,351.55,351.55,338.9,348.95
RESPONIND,161.5,162.2,163.5,157.25,162.8
REVATHI,540.2,530.05,624,517,538.65
RGL,393.15,401.3,408,389.25,399.4
RHFL,2.7,2.7,2.85,2.7,2.8
RICOAUTO,40.5,39.35,42,38.9,39.35
RIIL,367.2,366.4,381.35,364.45,369.8
RITES,238.75,237,240.75,236.25,237.35
RKDL,8.7,8.95,9.1,8.5,8.45
RKEC,59.7,61.55,62.3,56.95,62.75
RKFORGE,574.05,593,595.9,567,588.3
RMCL,2.3,2.3,2.35,2.2,2.25
RML,350,350,353.15,340.2,350.95
RNAVAL,2.85,2.75,2.85,2.7,2.75
ROHITFERRO,1.65,1.65,1.65,1.65,1.6
ROHLTD,61,61,61.95,60.55,61.4
ROLLT,3.1,3.3,3.3,3.1,3.25
ROLTA,4.9,5.2,5.4,4.7,4.95
ROML,#N/A,#N/A,#N/A,#N/A,#N/A
ROSSARI,1241.15,1241,1295.9,1231.15,1241.45
ROSSELLIND,119.1,115.95,123.7,113.55,112.95
ROUTE,1638,1616,1680,1596.4,1610.65
RPGLIFE,484.9,461.05,499.8,461.05,490.25
RPOWER,4.9,4.6,5.1,4.5,4.65
RPPINFRA,60.8,61.45,62.55,58.5,62.55
RPSGVENT,350,337.4,359,332.85,336.8
RSSOFTWARE,26.7,28,28,26.6,27.15
RSWM,176,173.6,183,173.6,174.15
RSYSTEMS,116.75,114.4,117,114.4,115.05
RTNINDIA,10.2,10.2,10.2,10.2,9.75
RTNPOWER,2.7,2.6,2.7,2.55,2.6
RUBYMILLS,160.7,159.05,165.6,156,161.7
RUCHI,686,698.3,704.9,680,698.25
RUCHINFRA,5.85,5.7,5.85,5.65,5.8
RUCHIRA,63.65,62.8,65.1,61.85,61.75
RUPA,297.1,302.75,303.7,297.1,302.7
RUSHIL,177.9,182,185.35,175,187.4
RVHL,16.9,17.2,17.2,16.7,16.85
RVNL,27.1,27.25,27.65,27.05,27.3
S&SPOWER,22,22.75,22.75,22,21.85
SABEVENTS,1.35,1.3,1.35,1.3,1.3
SADBHAV,62.2,62.45,64.55,61.9,63.15
SADBHIN,19.4,19.7,20.2,19.3,19.6
SAFARI,620,605,625,590,601.25
SAGARDEEP,33.9,33.4,34.7,33,33.7
SAGCEM,715,711,732,707.4,710.75
SAIL,118.3,111,121.35,109.25,112.5
SAKAR,117,113,117.75,113,114.5
SAKHTISUG,10.9,9.9,11.6,9.9,10.15
SAKSOFT,470.05,469,474.45,469,473.55
SAKUMA,5.4,5.35,5.5,5.2,5.3
SALASAR,486,480,492.8,478,483.55
SALONA,89.95,91.55,91.55,85.4,89.15
SALSTEEL,4.8,4.6,4.95,4.55,4.75
SALZERELEC,120.1,119.75,124,119.1,119.75
SAMBHAAV,2.1,2.1,2.1,2,2.1
SANCO,8.6,8.55,8.8,8.55,8.7
SANDESH,650,655.55,671.45,643.5,657.85
SANDHAR,190.9,191,196.7,188,192.35
SANGAMIND,81,79,82.45,76.3,78.85
SANGHIIND,45.65,46.45,47.55,45.5,43.05
SANGHVIFOR,16.4,16.4,16.4,16.4,17.25
SANGHVIMOV,125.1,126,127.9,124.25,127.8
SANGINITA,23.65,23.5,24,23.1,23.5
SANOFI,7537,7491,7572,7464,7490.6
SANWARIA,0.6,0.6,0.6,0.55,0.6
SARDAEN,510,497,524,493.95,500.8
SAREGAMA,1835,1846.95,1869,1813.05,1847.6
SARLAPOLY,25.9,25.65,26.25,25.1,25.75
SASKEN,933,927,949.95,916.85,932.4
SASTASUNDR,164.4,157.4,169,157.4,163.75
SATIA,86.3,83.5,94,83.4,83.35
SATIN,87.5,87,90,86.2,89.15
SBICARD,979.95,973,1005.85,972.15,990.05
SBILIFE,929,928,940.5,919.8,928.2
SBIN,352.3,353.45,362.5,350.45,359.4
SCAPDVR,2.3,2.3,2.3,2.3,2.4
SCHAEFFLER,5248.85,5324,5324.35,5185,5299.15
SCHAND,98.2,102,102,96.05,100.35
SCHNEIDER,91,90.7,92.5,90.1,91.05
SCI,104.7,103.25,107.35,102.4,103.6
SDBL,30.8,31,31.4,30.55,31
SEAMECLTD,410,413.6,416.6,408.1,413.6
SECURKLOUD,90,90.55,91.8,87.15,90.3
SELAN,131.8,124,148.7,121.55,123.95
SEPOWER,4.1,3.95,4.1,3.8,3.95
SEQUENT,291.85,289.8,312,289,293.55
SESHAPAPER,151.75,156.65,158.45,151.75,155.85
SETCO,15.45,14.45,15.55,14.45,15.1
SETUINFRA,0.75,0.75,0.75,0.7,0.7
SEYAIND,59,59.15,59.5,57.3,59.35
SEZAL,5,#N/A,#N/A,#N/A,5
SFL,2046,2053.3,2119.9,2025.9,2072.15
SGL,8.4,8.35,8.7,8.25,8.45
SHAHALLOYS,13.45,12.5,13.5,12.5,12.95
SHAKTIPUMP,539,546,559,534.7,552.25
SHALBY,122.7,121.7,126.6,120.2,122.9
SHALPAINTS,88.3,88.95,90.75,87.15,88.95
SHANKARA,371.6,374.15,376.6,371.1,377.8
SHANTIGEAR,136.1,135,139.2,134.9,135.5
SHARDACROP,300,300,307.4,298.05,302.65
SHARDAMOTR,342,337.65,345.65,336.8,341.8
SHAREINDIA,357,354,367.3,351.5,350.25
SHEMAROO,99.35,99.2,104.5,96,97.7
SHIL,285.65,278.45,293.4,273,279.45
SHILPAMED,426.4,433.85,440.6,425.5,434.95
SHIVAMAUTO,18.5,18.8,19.4,18.5,18.8
SHIVAMILLS,47,46,48.45,45.25,46.15
SHIVATEX,155,158.2,162.7,145.6,157.95
SHK,137.95,137.8,141.9,137.55,140.7
SHOPERSTOP,199,200,203.55,191.55,200.25
SHRADHA,38.55,36,38.55,36,36.75
SHREDIGCEM,70.7,69,71.45,68.35,70.05
SHREECEM,27900,28340,28432.35,27808.15,28444.35
SHREEPUSHK,153,154.65,158,150.95,151.75
SHREERAMA,10.4,10.4,10.5,9.9,10.5
SHRENIK,2.1,1.9,2.1,1.9,2
SHREYANIND,82.55,84.85,85.45,82.2,84.4
SHREYAS,81.3,78.85,84.2,78,79.1
SHRIPISTON,765,765,787.95,765,765
SHRIRAMCIT,1410,1445,1479.65,1399.5,1445.25
SHRIRAMEPC,4,4,4,3.9,4
SHYAMCENT,5.6,5.55,5.6,5.4,5.4
SICAGEN,21.25,21.85,22.65,21,22.1
SICAL,11.6,12.25,12.25,11.55,11.9
SIEMENS,1876.75,1880,1912.35,1868,1877.45
SIGIND,29.6,30,30.3,29.45,30.05
SIL,17.8,17.5,18.45,17.05,17.9
SILGO,50.35,49.65,50.95,49.1,50.65
SILINV,186.05,191.9,191.95,184,186.9
SILLYMONKS,21,21.95,21.95,21,21
SIMBHALS,9.2,8.8,9.2,8.75,8.8
SIMPLEXINF,30.3,30.8,30.85,29.65,30.05
SINTERCOM,75,75.45,76,72.75,74.75
SINTEX,3.55,3.45,3.55,3.35,3.4
SIRCA,342.4,347.1,347.1,338,346.65
SIS,362.15,354.95,364.9,354.1,356.5
SITINET,0.85,0.85,0.85,0.8,0.8
SIYSIL,196.5,190.4,198.05,189,191.75
SJVN,25.25,25.4,25.6,25.15,25.6
SKFINDIA,2237.3,2226.7,2247.8,2195.15,2247.1
SKIL,2.55,2.55,2.6,2.45,2.5
SKIPPER,59.9,56,63.3,56,56.1
SKMEGGPROD,52.1,52.2,53.85,51.7,52.05
SMARTLINK,85.5,84.35,86.05,84,84.95
SMCGLOBAL,69.4,68.9,70.4,68.45,69.15
SMLISUZU,452,454.2,459.65,450.05,457.15
SMPL,0.25,0.25,0.25,0.2,0.25
SMSLIFE,584.7,598.35,605,584.7,606
SMSPHARMA,149.25,149.95,153.55,148.65,151.35
SNOWMAN,49.75,50,51.85,49.5,50.35
SOBHA,486.8,494.85,502.5,483,495.65
SOLARA,1522,1492,1545,1485,1502.45
SOLARINDS,1227.5,1252,1257,1218,1258.4
SOMANYCERA,421,421.1,425,415.25,420.25
SOMATEX,6.15,6.45,6.45,6.15,6.45
SOMICONVEY,40.25,39.45,40.25,39.15,38.35
SONATSOFTW,572.85,569,582,569,569.15
SORILINFRA,124.2,124.7,129.7,123,125.85
SOTL,1038.1,1032,1050,1032,1049.05
SOUTHBANK,7.95,7.95,8.1,7.9,8
SOUTHWEST,37.95,40.35,40.35,37.65,39.05
SPAL,157.05,157.6,159.45,154.1,157.6
SPANDANA,600.05,596,609,583.9,608.25
SPARC,174.45,173.85,182.3,172.55,176
SPECIALITY,40.35,40.1,40.9,38.7,40.05
SPENCERS,71.2,72,72.9,71.1,73.15
SPENTEX,0.7,0.7,0.75,0.7,0.7
SPIC,30.15,29.75,31.35,29.6,30.1
SPICEJET,62.7,63,64,62.5,63.95
SPLIL,35.95,36,36.95,34.75,36.6
SPMLINFRA,9.6,9.9,10,9.15,9.9
SPTL,3.2,3.1,3.35,3.05,3.1
SPYL,0.4,0.4,0.4,0.35,0.4
SREEL,138.95,138.6,139.85,137,138.2
SREINFRA,7.15,6.85,7.3,6.8,7
SRF,6455.1,6421.1,6590,6386.35,6440.2
SRHHYPOLTD,276,276.6,284.9,272,277.55
SRIPIPES,194.4,195,199.95,192,194.8
SRPL,28,28,28,27.15,28
SRTRANSFIN,1342,1430,1445,1335.75,1416.3
SSWL,712.5,704,719.5,691.5,706.9
STAR,865,876,889.9,861,878.3
STARCEMENT,102.6,98.75,107.2,96.9,97.7
STARPAPER,114.55,113.2,118.35,113.2,115.35
STCINDIA,78.5,77.9,81,77.25,77.75
STEELCITY,39,41,41,38.55,39.3
STEELXIND,63.75,62.05,66.95,61.6,62.6
STEL,78.95,79.05,79.5,77.1,78.45
STERTOOLS,186,194.6,195.3,183.15,192.5
STLTECH,230.2,235,236.35,229.9,236.4
STOVEKRAFT,459,463.4,463.7,455.5,464.8
SUBCAPCITY,15.95,#N/A,#N/A,#N/A,15.95
SUBEXLTD,#N/A,#N/A,#N/A,#N/A,#N/A
SUBROS,299,302.95,312,296.45,304.1
SUDARSCHEM,657,638,674.95,632.55,642.75
SUMEETINDS,4.55,4.5,4.6,4.25,4.45
SUMICHEM,299.6,304.8,309.65,298.5,307.85
SUMIT,9.45,9.6,9.6,9.35,9.4
SUMMITSEC,530,509.95,530.05,508.05,512.7
SUNCLAYLTD,3153.95,3185,3200,3061.7,3189.3
SUNDARAM,1.2,1.2,1.2,1.15,1.2
SUNDARMFIN,2488,2488.3,2528.55,2470,2511.15
SUNDARMHLD,73.7,75,75.95,73.55,76.25
SUNDRMBRAK,330.05,325.05,337.85,325.05,336.8
SUNDRMFAST,704.95,692,711,672.25,694.65
SUNFLAG,79.35,77.8,84.4,77.1,79.05
SUNPHARMA,653.75,642,666.6,640.1,644.5
SUNTECK,267.9,270.5,273,265,270.65
SUNTV,544.55,525,549.95,520.5,519.45
SUPERHOUSE,120.25,116.25,120.75,115.3,117.5
SUPERSPIN,4.7,4.4,4.7,4.4,4.3
SUPPETRO,725,690,735,630.1,691.8
SUPRAJIT,260,263.65,264.95,260,263.65
SUPREMEENG,23.45,22.65,23.85,22.65,23.2
SUPREMEIND,2047.9,2059.45,2093.35,2008.3,2049.2
SURANASOL,8.6,8.65,8.8,8.2,8.45
SURANAT&P,4.15,4.15,4.3,4.15,4.3
SURYALAXMI,29.05,31.4,31.4,29.05,30.05
SURYAROSNI,415.5,408.9,427,394,411.35
SURYODAY,250.5,249.65,250.7,247.4,249.95
SUTLEJTEX,41.75,40.2,42,40.2,41.3
SUULD,244.45,234.8,244.45,234.8,232.85
SUVEN,102.9,101,106.55,100,102.9
SUVENPHAR,538.35,537,546.65,536.4,548.15
SUVIDHAA,33.95,33.95,33.95,33.95,35.7
SUZLON,4.85,4.6,5.05,4.5,4.6
SWANENERGY,130.6,139.8,139.8,130.2,139.15
SWARAJENG,1463.8,1494.9,1494.9,1463.8,1487.9
SWELECTES,204,199.7,206,198.2,202.7
SWSOLAR,302,303,314.9,299.5,304.6
SYMPHONY,1174,1188,1205,1170,1183.65
SYNCOM,3.3,3.45,3.45,3.15,3.3
SYNGENE,555.15,573.5,574.4,551.1,575.6
TAINWALCHM,68.8,68.75,69.9,66.3,68.7
TAJGVK,108.4,108.7,108.7,106.05,107.7
TAKE,50.6,51,52.35,50.4,51.65
TALBROAUTO,212.5,215.4,216,208.6,213.55
TANLA,885,861.2,888.8,861.2,875.7
TANTIACONS,5.8,5.8,5.8,5.8,5.55
TARC,28,27.65,28.25,27.3,27.45
TARMAT,49.5,49.15,49.9,47.4,49.15
TASTYBITE,16770,16712,16900,16181.9,16712.45
TATACHEM,789,758.25,797,750.35,763.25
TATACOFFEE,130.5,133.25,139.85,129,127.8
TATACOMM,1101.1,1110,1124.85,1081,1111.75
TATACONSUM,669,671,678,665.05,671.85
TATAELXSI,3488,3380,3519.6,3320,3384.7
TATAINVEST,1026.95,1041.25,1062.75,1020.35,1041.25
TATAMETALI,1048,913,1091,908.35,920.8
TATAMOTORS,293.1,298.2,301.3,292.55,301.9
TATAMTRDVR,127.65,129.8,130.5,127.15,130.5
TATAPOWER,98.8,96.95,101.4,96.25,97.65
TATASTEEL,1025.6,1024,1052.6,1011.1,1031.35
TATASTLBSL,72.2,69.3,74.95,68.5,69.75
TATASTLLP,895.7,848,895.7,847,853.05
TBZ,63.25,62,64.8,61.8,62.55
TCI,263.6,263.05,267,261.95,265.35
TCIDEVELOP,300.6,315.05,315.05,300.3,303.75
TCIEXP,880.3,900,904.65,880.1,895.1
TCIFINANCE,4.7,4.9,4.9,4.7,4.9
TCNSBRANDS,485.5,483,490.5,479.65,483.9
TCPLPACK,476.15,480.65,492.6,475,480.65
TCS,3040,3099,3132.05,3020,3115.25
TDPOWERSYS,160,161,163.9,159.1,161.65
TEAMLEASE,3200,3306,3374.75,3200,3310.1
TECHIN,2.95,3,3.05,2.85,2.95
TECHM,958.85,973.8,976.9,955.4,976.9
TECHNOE,294.05,291.6,295.9,288.15,294.25
TEJASNET,187.85,186.5,195,184.6,190.95
TEMBO,135.2,140,140,135,137
TERASOFT,37.1,37.75,39.4,36.1,38.05
TEXINFRA,70.25,70.7,70.7,69.9,70.5
TEXMOPIPES,28.4,27.45,28.7,27.1,27.4
TEXRAIL,25.75,25.35,26.4,25.1,25.35
TFCILTD,56.8,56,57.55,55.9,56.45
TFL,2.4,2.6,2.6,2.4,2.5
TGBHOTELS,4.55,4.55,4.6,4.45,4.45
THANGAMAYL,607,625.2,628.1,601,625.2
THEINVEST,107.5,103,115.9,102.05,104.05
THEMISMED,371.5,345.75,394,345.75,351.65
THERMAX,1475.6,1500,1516,1472.85,1497.25
THIRUSUGAR,7.75,7.75,7.75,7.05,7.4
THOMASCOOK,47.8,48,49.5,47.05,48.15
THOMASCOTT,7.1,7.45,7.45,7.1,7.45
THYROCARE,1028,1051.95,1083.8,1020,1048.4
TI,36.45,35.65,37.9,34.65,35.65
TIDEWATER,4472,4505.15,4554.4,4370.35,4501.15
TIIL,389.4,389.95,400,385,393.7
TIINDIA,1234,1274.9,1274.9,1215,1264.95
TIJARIA,7,7.25,7.25,7,6.95
TIL,165.6,157,168.65,157,162.1
TIMESGTY,51,51,51,51,53.65
TIMETECHNO,75.5,76,77.8,75,77.05
TIMKEN,1400.2,1385,1420,1368.55,1389
TINPLATE,197.75,194.5,206.7,191,198.65
TIPSINDLTD,557,551.6,563.9,546.05,546.75
TIRUMALCHM,96.2,96.75,99.3,96.05,97
TIRUPATIFL,25,#N/A,#N/A,#N/A,25
TITAN,1489.85,1500,1516.55,1471,1506.8
TMRVL,11.65,11.65,11.7,11.3,11.25
TNPETRO,72.65,72.1,74.45,72,73.6
TNPL,137.9,138.05,140.25,137.55,138.05
TNTELE,5.25,5.25,5.25,4.8,5
TOKYOPLAST,71.9,73.25,73.55,70.5,72.45
TORNTPHARM,2503,2481,2544.8,2480.95,2500.45
TORNTPOWER,396,391.6,399.35,384.4,394.65
TOTAL,41.4,42.3,45.05,39.85,42.3
TOUCHWOOD,89.95,88.05,94.7,87.75,92.35
TPLPLASTEH,221,229.95,230.2,217.05,227.15
TREEHOUSE,8.45,8.3,8.5,7.9,8.3
TREJHARA,34.85,33,36.2,32.5,33.1
TRENT,778,776.6,790.7,760.95,775.85
TRF,93.95,91.9,97.35,91.15,92.8
TRIDENT,13.75,13.7,13.9,13.55,13.8
TRIGYN,81.55,77,86.3,76.8,78.45
TRIL,19.15,19.15,19.9,18.5,18.55
TRITURBINE,101.5,101,102.4,99.8,100.45
TRIVENI,123.25,120.3,126.5,116.55,120.95
TTKHLTCARE,613.2,625,639,610.05,623.45
TTKPRESTIG,7389,7560.05,7760.05,7368,7550.7
TTL,47,47.85,48,46.35,46.35
TTML,13.95,13.65,13.95,13.3,13.3
TV18BRDCST,34,33.35,34.4,33.3,33.95
TVSELECT,135.85,138,140.45,135,140.2
TVSMOTOR,630.95,628,640,622.05,633.75
TVSSRICHAK,1805,1785.5,1871,1770.1,1787.5
TVTODAY,284.2,278,295,278,280.45
TVVISION,2.2,2.2,2.2,2,2.1
TWL,47.5,46.9,48.05,46.3,46.75
UBL,1215,1192.7,1231.55,1190,1196.7
UCALFUEL,137.4,138.05,140,136.65,139.3
UCOBANK,11,10.9,11.1,10.9,11.05
UFLEX,404,398,413.9,396,400.05
UFO,71.35,72.6,72.75,70.85,71.5
UGARSUGAR,23.8,22.3,25.85,22,21.8
UJAAS,2.45,2.5,2.5,2.45,2.45
UJJIVAN,203.4,205.5,207.85,200.65,207.95
UJJIVANSFB,28.8,28.45,29.45,28.1,28.9
ULTRACEMCO,6253.1,6380,6424,6233.55,6382.45
UMANGDAIRY,59,54.35,59.25,54.3,54.35
UMESLTD,3,3.05,3.15,2.85,3
UNICHEMLAB,321.8,337.6,343.95,319.05,340.3
UNIDT,301.5,309.9,309.9,294.1,302.8
UNIENTER,80.35,78.2,81.85,76.2,78.15
UNIONBANK,33.7,34.5,35.8,33.6,34.75
UNITECH,1.5,1.55,1.55,1.45,1.5
UNITEDTEA,301.1,306.1,309,299.65,299.1
UNITY,0.9,0.85,0.95,0.85,0.9
UNIVASTU,41.85,40.45,42.35,40.15,40.35
UNIVCABLES,143.55,140.45,145.1,139,141.9
UNIVPHOTO,171.3,176.75,178.5,171.3,177.3
UPL,606,610.8,621,604.05,615.8
URJA,6.05,6.1,6.1,5.9,6.05
USHAMART,48.15,42.45,49.25,42.15,43.1
UTIAMC,637.05,626.15,649,622.95,625.55
UTTAMSTL,7.4,7.05,7.5,7.05,7.15
UTTAMSUGAR,130.5,112.15,135.95,109.65,113.3
V2RETAIL,107.95,108.2,110.55,105.6,111.1
VADILALIND,949,867,949,867,912.15
VAIBHAVGBL,4170,4252,4259.8,4150,4255
VAISHALI,38.2,38.2,38.2,38.2,40.2
VAKRANGEE,51,52,52,50.4,51.9
VALIANTORG,1545,1501.2,1616,1487.4,1501.1
VARDHACRLC,37.25,36,37.9,35.75,35.7
VARDMNPOLY,18.15,18.3,18.7,17.75,18.3
VARROC,372.9,380.65,385,368.3,382.8
VASCONEQ,15.9,16.8,17,15.5,16.85
VASWANI,9.3,9.8,10.1,9.3,9.8
VBL,955.25,937,970,933.35,937.05
VEDL,255.95,255.05,266.2,252.55,255.05
VENKEYS,1552.5,1569.75,1584,1552.1,1572.95
VENUSREM,313.9,318.4,318.55,309.45,318.35
VERTOZ,245,248.2,254.35,244.5,248.2
VESUVIUS,1045,1052,1075,1045,1048.25
VETO,130,133.15,134.15,130,133.15
VGUARD,224.45,223.5,225.8,222,223.65
VHL,1727.8,1734.9,1755.05,1702,1724.6
VICEROY,2,2,2,1.9,2
VIDEOIND,3.95,4,4.05,3.9,3.9
VIDHIING,187.4,191.7,193.5,185.1,192.8
VIJIFIN,0.95,0.95,0.95,0.85,0.8
VIKASECO,1.95,1.95,2,1.85,2
VIKASMCORP,3.05,3,3.1,2.95,3.05
VIKASPROP,2.2,2.25,2.3,2.2,2.25
VIKASWSP,6.8,6.8,6.95,6.4,6.65
VIMTALABS,256,248.5,269,245.25,253.8
VINATIORGA,1694.95,1688,1749,1679.05,1689.35
VINDHYATEL,809.5,802,815,796,815.35
VINYLINDIA,127,127.6,132.95,126.5,129
VIPCLOTHNG,12.85,13.1,13.3,12.7,13.1
VIPIND,350,350,357.6,332.15,357.65
VIPULLTD,26.65,27.55,28,26.65,27.5
VISAKAIND,581.95,584.4,599,574.95,587
VISASTEEL,7.75,7.5,7.75,7.5,7.4
VISHAL,48.5,48.3,50.4,48.3,49.15
VISHNU,335,334,344,322.55,336.15
VISHWARAJ,115.4,114.75,120.25,110.95,113.5
VIVIDHA,0.7,0.7,0.75,0.65,0.7
VIVIMEDLAB,34,34,34,34,35.75
VLSFINANCE,86.35,88,89.1,85.95,89.1
VMART,2679,2704.2,2709.4,2642.65,2704.2
VOLTAMP,1085.7,1075,1095.95,1075,1083.95
VOLTAS,957.75,959.95,977.8,954.95,967.1
VRLLOG,217.5,218,222.55,213.45,219.5
VSSL,204.65,207,209,200.4,204.15
VSTIND,3230,3218,3238,3196.05,3201.3
VSTTILLERS,1817.1,1825,1835,1805.45,1825.85
VTL,1185,1155,1191.4,1150,1170.85
WABAG,248,250.1,258.2,247,252.95
WABCOINDIA,6800,6824.95,6984.85,6651,6787
WALCHANNAG,62.7,58.5,66.5,58.5,59.5
WANBURY,106,107.5,107.5,105,108
WATERBASE,106,106.9,108.35,105.5,107.4
WEALTH,122.85,121.4,122.85,115.2,117
WEBELSOLAR,39.65,39.05,41.2,39.05,40.25
WEIZMANIND,43,42.4,43.35,41.35,41.5
WELCORP,142.2,144.55,148,142,145.75
WELENT,102.45,104.6,104.8,102,104.7
WELINV,404.15,398.05,410.95,384.95,391.25
WELSPUNIND,79.5,81,81.75,79.05,81.95
WENDT,3225,3210,3250,3152,3228.75
WESTLIFE,437.7,432,438.75,431.5,435.5
WHEELS,445,458.5,458.5,444,455.35
WHIRLPOOL,2216,2173.95,2249.85,2153.3,2171.5
WILLAMAGOR,18.75,16.95,18.85,16.75,17.3
WINDMACHIN,29.8,30.85,30.85,29.45,30.4
WIPL,57,57,57,57,57
WIPRO,492.5,491.5,511.8,489.3,489.85
WOCKPHARMA,513.8,505.1,532.75,505,512.55
WONDERLA,177.8,177,180,176.2,176.4
WORTH,56.9,55.95,58,53.6,56.5
WSI,4.5,4.5,4.5,4.5,4.7
WSTCSTPAPR,204,203.1,210.4,201,206.35
XCHANGING,67.55,65,68.75,65,65.7
XELPMOC,285.4,280.15,288.6,280.15,283.1
XPROINDIA,128.95,128.95,128.95,128.95,135.7
YAARII,93.4,93.6,94.5,89.9,93.6
YESBANK,14.6,14.5,14.8,14.4,14.5
ZEEL,185,185.3,190.95,183.65,186.55
ZEELEARN,10.15,10,10.15,9.95,10.1
ZEEMEDIA,6.45,6.3,6.55,6.15,6.3
ZENITHEXPO,72.85,69,72.85,65.65,66.75
ZENITHSTL,0.95,0.95,0.95,0.95,0.9
ZENSARTECH,265.25,262,270.05,254.7,268.25
ZENTEC,74.7,74.15,76.55,74.15,75.5
ZODIACLOTH,91.5,90.4,93.5,89.85,90.5
ZODJRDMKJ,26.25,26.4,27.7,26.05,26.9
ZOTA,152,154,155.55,152,154
ZUARI,88.95,89.75,90.4,88.65,89.3
ZUARIGLOB,78.95,78.3,79.05,77.55,78.3
ZYDUSWELL,2098,2095,2117,2083.6,2096.2